cultivo,anio,campania,provincia,provincia_id,departamento,departamento_id,superficie_sembrada_ha,superficie_cosechada_ha,produccion_tm,rendimiento_kgxha
yerba mate,1970,1969/1970,Corrientes,18,Ituzaingó,18084,3470,1106,2375,2147
yerba mate,1970,1969/1970,Corrientes,18,Santo Tomé,18168,5205,1661,3564,2146
yerba mate,1970,1969/1970,Misiones,54,Apóstoles,54007,11784,3052,5150,1687
yerba mate,1970,1969/1970,Misiones,54,Cainguás,54014,6078,1566,3568,2278
yerba mate,1970,1969/1970,Misiones,54,Candelaria,54021,3298,872,1020,1170
yerba mate,1970,1969/1970,Misiones,54,Capital,54028,2346,444,486,1095
yerba mate,1970,1969/1970,Misiones,54,Concepción,54035,4161,1096,1796,1639
yerba mate,1970,1969/1970,Misiones,54,Eldorado,54042,10676,3059,7221,2361
yerba mate,1970,1969/1970,Misiones,54,General Manuel Belgrano,54049,30,9,9,1000
yerba mate,1970,1969/1970,Misiones,54,Guaraní,54056,383,134,284,2119
yerba mate,1970,1969/1970,Misiones,54,Iguazú,54063,5244,1510,3453,2287
yerba mate,1970,1969/1970,Misiones,54,Leandro N. Alem,54070,10332,2703,5005,1852
yerba mate,1970,1969/1970,Misiones,54,Libertador General San Martín,54077,9460,2275,6438,2830
yerba mate,1970,1969/1970,Misiones,54,Montecarlo,54084,6817,1743,5268,3022
yerba mate,1970,1969/1970,Misiones,54,Oberá,54091,23455,6437,16913,2627
yerba mate,1970,1969/1970,Misiones,54,San Ignacio,54098,18738,4877,11958,2452
yerba mate,1970,1969/1970,Misiones,54,San Javier,54105,3131,786,1805,2296
yerba mate,1970,1969/1970,Misiones,54,San Pedro,54112,4,1,1,1000
yerba mate,1970,1969/1970,Misiones,54,25 de Mayo,54119,908,227,474,2088
yerba mate,1971,1970/1971,Corrientes,18,Ituzaingó,18084,4314,1301,3299,2536
yerba mate,1971,1970/1971,Corrientes,18,Santo Tomé,18168,6471,1954,4949,2533
yerba mate,1971,1970/1971,Misiones,54,Apóstoles,54007,12316,3576,6086,1702
yerba mate,1971,1970/1971,Misiones,54,Cainguás,54014,6537,1694,4457,2631
yerba mate,1971,1970/1971,Misiones,54,Candelaria,54021,3460,1021,1144,1120
yerba mate,1971,1970/1971,Misiones,54,Capital,54028,2641,476,634,1332
yerba mate,1971,1970/1971,Misiones,54,Concepción,54035,4458,1214,2287,1884
yerba mate,1971,1970/1971,Misiones,54,Eldorado,54042,10313,3425,7993,2334
yerba mate,1971,1970/1971,Misiones,54,General Manuel Belgrano,54049,30,8,9,1125
yerba mate,1971,1970/1971,Misiones,54,Guaraní,54056,436,149,368,2470
yerba mate,1971,1970/1971,Misiones,54,Iguazú,54063,4362,1090,3144,2884
yerba mate,1971,1970/1971,Misiones,54,Leandro N. Alem,54070,10296,2974,5785,1945
yerba mate,1971,1970/1971,Misiones,54,Libertador General San Martín,54077,8855,2419,7186,2971
yerba mate,1971,1970/1971,Misiones,54,Montecarlo,54084,6552,1971,5785,2935
yerba mate,1971,1970/1971,Misiones,54,Oberá,54091,24579,7150,20593,2880
yerba mate,1971,1970/1971,Misiones,54,San Ignacio,54098,18109,5172,13993,2706
yerba mate,1971,1970/1971,Misiones,54,San Javier,54105,3378,948,2187,2307
yerba mate,1971,1970/1971,Misiones,54,San Pedro,54112,4,1,1,1000
yerba mate,1971,1970/1971,Misiones,54,25 de Mayo,54119,946,275,560,2036
yerba mate,1972,1971/1972,Corrientes,18,Ituzaingó,18084,4383,1732,4880,2818
yerba mate,1972,1971/1972,Corrientes,18,Santo Tomé,18168,6575,2600,7320,2815
yerba mate,1972,1971/1972,Misiones,54,Apóstoles,54007,12348,4984,8917,1789
yerba mate,1972,1971/1972,Misiones,54,Cainguás,54014,6479,2280,6223,2729
yerba mate,1972,1971/1972,Misiones,54,Candelaria,54021,3086,1036,1187,1146
yerba mate,1972,1971/1972,Misiones,54,Capital,54028,2095,825,732,887
yerba mate,1972,1971/1972,Misiones,54,Concepción,54035,4307,1616,3324,2057
yerba mate,1972,1971/1972,Misiones,54,Eldorado,54042,10315,4038,10453,2589
yerba mate,1972,1971/1972,Misiones,54,General Manuel Belgrano,54049,30,7,12,1714
yerba mate,1972,1971/1972,Misiones,54,Guaraní,54056,461,171,442,2585
yerba mate,1972,1971/1972,Misiones,54,Iguazú,54063,4200,1485,4795,3229
yerba mate,1972,1971/1972,Misiones,54,Leandro N. Alem,54070,10106,3915,8158,2084
yerba mate,1972,1971/1972,Misiones,54,Libertador General San Martín,54077,9284,3732,11113,2978
yerba mate,1972,1971/1972,Misiones,54,Montecarlo,54084,6520,2691,8322,3093
yerba mate,1972,1971/1972,Misiones,54,Oberá,54091,25027,10030,28238,2815
yerba mate,1972,1971/1972,Misiones,54,San Ignacio,54098,18325,7080,18760,2650
yerba mate,1972,1971/1972,Misiones,54,San Javier,54105,3409,1362,3052,2241
yerba mate,1972,1971/1972,Misiones,54,San Pedro,54112,4,1,2,2000
yerba mate,1972,1971/1972,Misiones,54,25 de Mayo,54119,996,342,784,2292
yerba mate,1973,1972/1973,Corrientes,18,Ituzaingó,18084,4302,2159,6285,2911
yerba mate,1973,1972/1973,Corrientes,18,Santo Tomé,18168,6454,3239,9429,2911
yerba mate,1973,1972/1973,Misiones,54,Apóstoles,54007,12202,6494,11450,1763
yerba mate,1973,1972/1973,Misiones,54,Cainguás,54014,6274,3048,7788,2555
yerba mate,1973,1972/1973,Misiones,54,Candelaria,54021,2492,924,1137,1231
yerba mate,1973,1972/1973,Misiones,54,Capital,54028,1945,652,861,1321
yerba mate,1973,1972/1973,Misiones,54,Concepción,54035,4297,2054,4150,2020
yerba mate,1973,1972/1973,Misiones,54,Eldorado,54042,9537,4474,10616,2373
yerba mate,1973,1972/1973,Misiones,54,General Manuel Belgrano,54049,15,4,10,2500
yerba mate,1973,1972/1973,Misiones,54,Guaraní,54056,407,200,487,2435
yerba mate,1973,1972/1973,Misiones,54,Iguazú,54063,4156,1438,5404,3758
yerba mate,1973,1972/1973,Misiones,54,Leandro N. Alem,54070,9468,4588,9986,2177
yerba mate,1973,1972/1973,Misiones,54,Libertador General San Martín,54077,8956,4700,13194,2807
yerba mate,1973,1972/1973,Misiones,54,Montecarlo,54084,6219,3269,9250,2830
yerba mate,1973,1972/1973,Misiones,54,Oberá,54091,24519,13171,34776,2640
yerba mate,1973,1972/1973,Misiones,54,San Ignacio,54098,18161,8450,21688,2567
yerba mate,1973,1972/1973,Misiones,54,San Javier,54105,3196,1544,3516,2277
yerba mate,1973,1972/1973,Misiones,54,San Pedro,54112,4,0,0,0
yerba mate,1973,1972/1973,Misiones,54,25 de Mayo,54119,965,431,936,2172
yerba mate,1974,1973/1974,Corrientes,18,Ituzaingó,18084,4382,2222,5394,2428
yerba mate,1974,1973/1974,Corrientes,18,Santo Tomé,18168,6575,3333,8093,2428
yerba mate,1974,1973/1974,Misiones,54,Apóstoles,54007,12254,6999,11169,1596
yerba mate,1974,1973/1974,Misiones,54,Cainguás,54014,6598,3632,7750,2134
yerba mate,1974,1973/1974,Misiones,54,Candelaria,54021,2666,1253,1100,878
yerba mate,1974,1973/1974,Misiones,54,Capital,54028,2041,733,792,1080
yerba mate,1974,1973/1974,Misiones,54,Concepción,54035,4388,2169,4104,1892
yerba mate,1974,1973/1974,Misiones,54,Eldorado,54042,9204,3996,8757,2191
yerba mate,1974,1973/1974,Misiones,54,General Manuel Belgrano,54049,31,14,7,500
yerba mate,1974,1973/1974,Misiones,54,Guaraní,54056,444,234,517,2209
yerba mate,1974,1973/1974,Misiones,54,Iguazú,54063,4078,1244,4518,3632
yerba mate,1974,1973/1974,Misiones,54,Leandro N. Alem,54070,9519,4724,8874,1878
yerba mate,1974,1973/1974,Misiones,54,Libertador General San Martín,54077,9001,4670,11164,2391
yerba mate,1974,1973/1974,Misiones,54,Montecarlo,54084,6418,2958,7687,2599
yerba mate,1974,1973/1974,Misiones,54,Oberá,54091,24842,13546,31503,2326
yerba mate,1974,1973/1974,Misiones,54,San Ignacio,54098,17888,8276,18700,2260
yerba mate,1974,1973/1974,Misiones,54,San Javier,54105,3245,1619,3530,2180
yerba mate,1974,1973/1974,Misiones,54,San Pedro,54112,4,2,2,1000
yerba mate,1974,1973/1974,Misiones,54,25 de Mayo,54119,916,464,868,1871
yerba mate,1975,1974/1975,Corrientes,18,Ituzaingó,18084,4336,2434,5914,2430
yerba mate,1975,1974/1975,Corrientes,18,Santo Tomé,18168,6505,3651,8872,2430
yerba mate,1975,1974/1975,Misiones,54,Apóstoles,54007,11848,7599,12205,1606
yerba mate,1975,1974/1975,Misiones,54,Cainguás,54014,6386,3643,7966,2187
yerba mate,1975,1974/1975,Misiones,54,Candelaria,54021,2202,986,1024,1039
yerba mate,1975,1974/1975,Misiones,54,Capital,54028,1933,841,844,1004
yerba mate,1975,1974/1975,Misiones,54,Concepción,54035,4196,2484,4768,1919
yerba mate,1975,1974/1975,Misiones,54,Eldorado,54042,8867,3494,7807,2234
yerba mate,1975,1974/1975,Misiones,54,General Manuel Belgrano,54049,30,5,10,2000
yerba mate,1975,1974/1975,Misiones,54,Guaraní,54056,422,218,484,2220
yerba mate,1975,1974/1975,Misiones,54,Iguazú,54063,4020,1453,4844,3334
yerba mate,1975,1974/1975,Misiones,54,Leandro N. Alem,54070,9075,4891,9258,1893
yerba mate,1975,1974/1975,Misiones,54,Libertador General San Martín,54077,8846,4833,11672,2415
yerba mate,1975,1974/1975,Misiones,54,Montecarlo,54084,6371,3172,7586,2392
yerba mate,1975,1974/1975,Misiones,54,Oberá,54091,24562,14792,34385,2325
yerba mate,1975,1974/1975,Misiones,54,San Ignacio,54098,17208,9147,20277,2217
yerba mate,1975,1974/1975,Misiones,54,San Javier,54105,2985,1762,3548,2014
yerba mate,1975,1974/1975,Misiones,54,San Pedro,54112,4,2,5,2500
yerba mate,1975,1974/1975,Misiones,54,25 de Mayo,54119,882,471,839,1781
yerba mate,1976,1975/1976,Corrientes,18,Ituzaingó,18084,4252,3226,5639,1748
yerba mate,1976,1975/1976,Corrientes,18,Santo Tomé,18168,6379,4840,8460,1748
yerba mate,1976,1975/1976,Misiones,54,Apóstoles,54007,11681,8276,11349,1371
yerba mate,1976,1975/1976,Misiones,54,Cainguás,54014,6136,3524,6350,1802
yerba mate,1976,1975/1976,Misiones,54,Candelaria,54021,1837,796,822,1033
yerba mate,1976,1975/1976,Misiones,54,Capital,54028,2010,837,855,1022
yerba mate,1976,1975/1976,Misiones,54,Concepción,54035,4204,2680,3880,1448
yerba mate,1976,1975/1976,Misiones,54,Eldorado,54042,8372,3674,7319,1992
yerba mate,1976,1975/1976,Misiones,54,General Manuel Belgrano,54049,15,0,0,0
yerba mate,1976,1975/1976,Misiones,54,Guaraní,54056,345,179,328,1832
yerba mate,1976,1975/1976,Misiones,54,Iguazú,54063,3741,1489,4299,2887
yerba mate,1976,1975/1976,Misiones,54,Leandro N. Alem,54070,8804,5285,8230,1557
yerba mate,1976,1975/1976,Misiones,54,Libertador General San Martín,54077,8485,4586,9560,2085
yerba mate,1976,1975/1976,Misiones,54,Montecarlo,54084,6313,2926,6076,2077
yerba mate,1976,1975/1976,Misiones,54,Oberá,54091,23590,15028,29063,1934
yerba mate,1976,1975/1976,Misiones,54,San Ignacio,54098,16501,8333,15177,1821
yerba mate,1976,1975/1976,Misiones,54,San Javier,54105,2767,1744,2915,1671
yerba mate,1976,1975/1976,Misiones,54,San Pedro,54112,4,1,2,2000
yerba mate,1976,1975/1976,Misiones,54,25 de Mayo,54119,856,536,811,1513
yerba mate,1977,1976/1977,Corrientes,18,Ituzaingó,18084,4227,2791,5513,1975
yerba mate,1977,1976/1977,Corrientes,18,Santo Tomé,18168,6341,4188,8271,1975
yerba mate,1977,1976/1977,Misiones,54,Apóstoles,54007,10760,8575,12068,1407
yerba mate,1977,1976/1977,Misiones,54,Cainguás,54014,5811,4327,8153,1884
yerba mate,1977,1976/1977,Misiones,54,Candelaria,54021,1754,766,679,886
yerba mate,1977,1976/1977,Misiones,54,Capital,54028,1444,829,641,773
yerba mate,1977,1976/1977,Misiones,54,Concepción,54035,3947,2739,4016,1466
yerba mate,1977,1976/1977,Misiones,54,Eldorado,54042,7879,3564,7284,2044
yerba mate,1977,1976/1977,Misiones,54,General Manuel Belgrano,54049,15,15,15,1000
yerba mate,1977,1976/1977,Misiones,54,Guaraní,54056,323,215,421,1958
yerba mate,1977,1976/1977,Misiones,54,Iguazú,54063,3093,1438,3058,2127
yerba mate,1977,1976/1977,Misiones,54,Leandro N. Alem,54070,7679,4759,7714,1621
yerba mate,1977,1976/1977,Misiones,54,Libertador General San Martín,54077,8169,5364,11160,2081
yerba mate,1977,1976/1977,Misiones,54,Montecarlo,54084,6051,2968,6617,2229
yerba mate,1977,1976/1977,Misiones,54,Oberá,54091,21932,15666,31437,2007
yerba mate,1977,1976/1977,Misiones,54,San Ignacio,54098,14161,8737,16350,1871
yerba mate,1977,1976/1977,Misiones,54,San Javier,54105,2572,1684,3000,1781
yerba mate,1977,1976/1977,Misiones,54,San Pedro,54112,4,0,0,0
yerba mate,1977,1976/1977,Misiones,54,25 de Mayo,54119,680,446,770,1726
yerba mate,1978,1977/1978,Corrientes,18,Ituzaingó,18084,4310,3169,5866,1851
yerba mate,1978,1977/1978,Corrientes,18,Santo Tomé,18168,6465,4754,8799,1851
yerba mate,1978,1977/1978,Misiones,54,Apóstoles,54007,11869,9426,12357,1311
yerba mate,1978,1977/1978,Misiones,54,Cainguás,54014,5809,4346,7424,1708
yerba mate,1978,1977/1978,Misiones,54,Candelaria,54021,1845,539,663,1230
yerba mate,1978,1977/1978,Misiones,54,Capital,54028,849,495,606,1224
yerba mate,1978,1977/1978,Misiones,54,Concepción,54035,4294,3136,4570,1457
yerba mate,1978,1977/1978,Misiones,54,Eldorado,54042,8209,3837,6874,1792
yerba mate,1978,1977/1978,Misiones,54,General Manuel Belgrano,54049,25,15,38,2533
yerba mate,1978,1977/1978,Misiones,54,Guaraní,54056,373,181,328,1812
yerba mate,1978,1977/1978,Misiones,54,Iguazú,54063,2836,1630,3646,2237
yerba mate,1978,1977/1978,Misiones,54,Leandro N. Alem,54070,7865,4902,8548,1744
yerba mate,1978,1977/1978,Misiones,54,Libertador General San Martín,54077,7891,5860,11371,1940
yerba mate,1978,1977/1978,Misiones,54,Montecarlo,54084,5875,3082,7217,2342
yerba mate,1978,1977/1978,Misiones,54,Oberá,54091,21810,16739,32492,1941
yerba mate,1978,1977/1978,Misiones,54,San Ignacio,54098,15787,10405,18254,1754
yerba mate,1978,1977/1978,Misiones,54,San Javier,54105,2782,2038,3494,1714
yerba mate,1978,1977/1978,Misiones,54,25 de Mayo,54119,671,549,889,1619
yerba mate,1979,1978/1979,Corrientes,18,Ituzaingó,18084,4202,2982,5687,1907
yerba mate,1979,1978/1979,Corrientes,18,Santo Tomé,18168,6608,4474,8529,1906
yerba mate,1979,1978/1979,Misiones,54,Apóstoles,54007,11487,8918,12128,1360
yerba mate,1979,1978/1979,Misiones,54,Cainguás,54014,5389,4495,7617,1695
yerba mate,1979,1978/1979,Misiones,54,Candelaria,54021,1700,815,884,1085
yerba mate,1979,1978/1979,Misiones,54,Capital,54028,948,717,1024,1428
yerba mate,1979,1978/1979,Misiones,54,Concepción,54035,4291,3226,5152,1597
yerba mate,1979,1978/1979,Misiones,54,Eldorado,54042,8129,4326,7657,1770
yerba mate,1979,1978/1979,Misiones,54,General Manuel Belgrano,54049,30,30,45,1500
yerba mate,1979,1978/1979,Misiones,54,Guaraní,54056,347,254,406,1598
yerba mate,1979,1978/1979,Misiones,54,Iguazú,54063,3027,1823,3233,1773
yerba mate,1979,1978/1979,Misiones,54,Leandro N. Alem,54070,7527,5226,8464,1620
yerba mate,1979,1978/1979,Misiones,54,Libertador General San Martín,54077,8016,6352,11912,1875
yerba mate,1979,1978/1979,Misiones,54,Montecarlo,54084,5413,3060,6289,2055
yerba mate,1979,1978/1979,Misiones,54,Oberá,54091,23040,19208,32238,1678
yerba mate,1979,1978/1979,Misiones,54,San Ignacio,54098,16333,11546,19408,1681
yerba mate,1979,1978/1979,Misiones,54,San Javier,54105,2705,2147,3647,1699
yerba mate,1979,1978/1979,Misiones,54,San Pedro,54112,4,0,0,0
yerba mate,1979,1978/1979,Misiones,54,25 de Mayo,54119,671,560,880,1571
yerba mate,1980,1979/1980,Corrientes,18,Ituzaingó,18084,4220,1420,2698,1900
yerba mate,1980,1979/1980,Corrientes,18,Santo Tomé,18168,6179,2021,3940,1950
yerba mate,1980,1979/1980,Misiones,54,Apóstoles,54007,9972,7837,11539,1472
yerba mate,1980,1979/1980,Misiones,54,Cainguás,54014,5130,4032,6975,1730
yerba mate,1980,1979/1980,Misiones,54,Candelaria,54021,2350,1862,3158,1696
yerba mate,1980,1979/1980,Misiones,54,Capital,54028,1856,1466,2477,1690
yerba mate,1980,1979/1980,Misiones,54,Concepción,54035,3558,2826,4804,1700
yerba mate,1980,1979/1980,Misiones,54,Eldorado,54042,8442,6810,11542,1695
yerba mate,1980,1979/1980,Misiones,54,General Manuel Belgrano,54049,20,14,24,1714
yerba mate,1980,1979/1980,Misiones,54,Guaraní,54056,333,272,462,1699
yerba mate,1980,1979/1980,Misiones,54,Iguazú,54063,3654,2924,5117,1750
yerba mate,1980,1979/1980,Misiones,54,Leandro N. Alem,54070,8231,6906,11740,1700
yerba mate,1980,1979/1980,Misiones,54,Libertador General San Martín,54077,7594,6097,10297,1689
yerba mate,1980,1979/1980,Misiones,54,Montecarlo,54084,5433,4304,7372,1713
yerba mate,1980,1979/1980,Misiones,54,Oberá,54091,20250,16530,28770,1740
yerba mate,1980,1979/1980,Misiones,54,San Ignacio,54098,15036,12248,20836,1701
yerba mate,1980,1979/1980,Misiones,54,San Javier,54105,2636,1128,1918,1700
yerba mate,1980,1979/1980,Misiones,54,San Pedro,54112,4,3,5,1667
yerba mate,1980,1979/1980,Misiones,54,25 de Mayo,54119,784,644,1139,1769
yerba mate,1981,1980/1981,Corrientes,18,Ituzaingó,18084,3820,3120,3806,1220
yerba mate,1981,1980/1981,Corrientes,18,Santo Tomé,18168,5726,4303,5207,1210
yerba mate,1981,1980/1981,Misiones,54,Apóstoles,54007,11872,8372,13395,1600
yerba mate,1981,1980/1981,Misiones,54,Cainguás,54014,6106,4306,6890,1600
yerba mate,1981,1980/1981,Misiones,54,Candelaria,54021,2798,1998,3243,1623
yerba mate,1981,1980/1981,Misiones,54,Capital,54028,2209,1569,2429,1548
yerba mate,1981,1980/1981,Misiones,54,Concepción,54035,4236,3036,4949,1630
yerba mate,1981,1980/1981,Misiones,54,Eldorado,54042,10049,7209,11606,1610
yerba mate,1981,1980/1981,Misiones,54,General Manuel Belgrano,54049,20,14,22,1571
yerba mate,1981,1980/1981,Misiones,54,Guaraní,54056,397,297,439,1478
yerba mate,1981,1980/1981,Misiones,54,Iguazú,54063,4350,3150,5459,1733
yerba mate,1981,1980/1981,Misiones,54,Leandro N. Alem,54070,9799,7463,12687,1700
yerba mate,1981,1980/1981,Misiones,54,Libertador General San Martín,54077,9040,6422,10269,1599
yerba mate,1981,1980/1981,Misiones,54,Montecarlo,54084,6468,4617,7415,1606
yerba mate,1981,1980/1981,Misiones,54,Oberá,54091,24017,17001,26862,1580
yerba mate,1981,1980/1981,Misiones,54,San Ignacio,54098,17900,12838,20412,1590
yerba mate,1981,1980/1981,Misiones,54,San Javier,54105,3138,2338,3741,1600
yerba mate,1981,1980/1981,Misiones,54,San Pedro,54112,4,3,5,1667
yerba mate,1981,1980/1981,Misiones,54,25 de Mayo,54119,797,567,909,1603
yerba mate,1982,1981/1982,Corrientes,18,Ituzaingó,18084,4200,3050,5090,1669
yerba mate,1982,1981/1982,Corrientes,18,Santo Tomé,18168,6300,4550,7545,1658
yerba mate,1982,1981/1982,Misiones,54,Apóstoles,54007,12115,8636,14910,1726
yerba mate,1982,1981/1982,Misiones,54,Cainguás,54014,6231,4441,7903,1780
yerba mate,1982,1981/1982,Misiones,54,Candelaria,54021,2855,2035,3502,1721
yerba mate,1982,1981/1982,Misiones,54,Capital,54028,2254,1607,2671,1662
yerba mate,1982,1981/1982,Misiones,54,Concepción,54035,4323,3081,5307,1722
yerba mate,1982,1981/1982,Misiones,54,Eldorado,54042,10254,7309,13773,1884
yerba mate,1982,1981/1982,Misiones,54,General Manuel Belgrano,54049,20,14,25,1786
yerba mate,1982,1981/1982,Misiones,54,Guaraní,54056,405,289,552,1910
yerba mate,1982,1981/1982,Misiones,54,Iguazú,54063,4439,3164,5957,1883
yerba mate,1982,1981/1982,Misiones,54,Leandro N. Alem,54070,9999,7127,13430,1884
yerba mate,1982,1981/1982,Misiones,54,Libertador General San Martín,54077,9225,6576,12744,1938
yerba mate,1982,1981/1982,Misiones,54,Montecarlo,54084,6600,4704,8590,1826
yerba mate,1982,1981/1982,Misiones,54,Oberá,54091,24507,17468,31047,1777
yerba mate,1982,1981/1982,Misiones,54,San Ignacio,54098,18265,13019,23213,1783
yerba mate,1982,1981/1982,Misiones,54,San Javier,54105,3202,2284,3953,1731
yerba mate,1982,1981/1982,Misiones,54,San Pedro,54112,4,3,4,1333
yerba mate,1982,1981/1982,Misiones,54,25 de Mayo,54119,902,643,1155,1796
yerba mate,1983,1982/1983,Corrientes,18,Ituzaingó,18084,4200,3050,4693,1539
yerba mate,1983,1982/1983,Corrientes,18,Santo Tomé,18168,6300,4450,6968,1566
yerba mate,1983,1982/1983,Misiones,54,Apóstoles,54007,12450,7944,12852,1618
yerba mate,1983,1982/1983,Misiones,54,Cainguás,54014,6380,4019,6588,1639
yerba mate,1983,1982/1983,Misiones,54,Candelaria,54021,2900,1827,2787,1525
yerba mate,1983,1982/1983,Misiones,54,Capital,54028,2320,1462,2396,1639
yerba mate,1983,1982/1983,Misiones,54,Concepción,54035,4420,2785,4693,1685
yerba mate,1983,1982/1983,Misiones,54,Eldorado,54042,10440,6580,11913,1810
yerba mate,1983,1982/1983,Misiones,54,General Manuel Belgrano,54049,25,16,25,1563
yerba mate,1983,1982/1983,Misiones,54,Guaraní,54056,445,280,473,1689
yerba mate,1983,1982/1983,Misiones,54,Iguazú,54063,4610,2904,4922,1695
yerba mate,1983,1982/1983,Misiones,54,Leandro N. Alem,54070,10200,6426,10527,1638
yerba mate,1983,1982/1983,Misiones,54,Libertador General San Martín,54077,9350,5891,9856,1673
yerba mate,1983,1982/1983,Misiones,54,Montecarlo,54084,6750,4253,7596,1786
yerba mate,1983,1982/1983,Misiones,54,Oberá,54091,25000,15806,26534,1679
yerba mate,1983,1982/1983,Misiones,54,San Ignacio,54098,18430,11611,19025,1639
yerba mate,1983,1982/1983,Misiones,54,San Javier,54105,3290,2073,3278,1581
yerba mate,1983,1982/1983,Misiones,54,San Pedro,54112,10,6,10,1667
yerba mate,1983,1982/1983,Misiones,54,25 de Mayo,54119,980,617,1074,1741
yerba mate,1984,1983/1984,Corrientes,18,Ituzaingó,18084,4200,1750,2729,1559
yerba mate,1984,1983/1984,Corrientes,18,Santo Tomé,18168,6300,3750,5502,1467
yerba mate,1984,1983/1984,Misiones,54,Apóstoles,54007,12450,9089,17836,1962
yerba mate,1984,1983/1984,Misiones,54,Cainguás,54014,6380,4657,9458,2031
yerba mate,1984,1983/1984,Misiones,54,Candelaria,54021,2900,2117,4180,1974
yerba mate,1984,1983/1984,Misiones,54,Capital,54028,2320,1694,3349,1977
yerba mate,1984,1983/1984,Misiones,54,Concepción,54035,4420,3227,6550,2030
yerba mate,1984,1983/1984,Misiones,54,Eldorado,54042,10440,7621,16765,2200
yerba mate,1984,1983/1984,Misiones,54,General Manuel Belgrano,54049,25,19,36,1895
yerba mate,1984,1983/1984,Misiones,54,Guaraní,54056,445,325,660,2031
yerba mate,1984,1983/1984,Misiones,54,Iguazú,54063,4610,3365,7022,2087
yerba mate,1984,1983/1984,Misiones,54,Leandro N. Alem,54070,10200,7446,14278,1918
yerba mate,1984,1983/1984,Misiones,54,Libertador General San Martín,54077,9350,6826,14280,2092
yerba mate,1984,1983/1984,Misiones,54,Montecarlo,54084,6750,4928,9747,1978
yerba mate,1984,1983/1984,Misiones,54,Oberá,54091,25000,18308,36389,1988
yerba mate,1984,1983/1984,Misiones,54,San Ignacio,54098,18430,13454,26599,1977
yerba mate,1984,1983/1984,Misiones,54,San Javier,54105,3290,2402,4740,1973
yerba mate,1984,1983/1984,Misiones,54,San Pedro,54112,10,7,14,2000
yerba mate,1984,1983/1984,Misiones,54,25 de Mayo,54119,980,715,1491,2085
yerba mate,1985,1984/1985,Corrientes,18,Ituzaingó,18084,7000,5000,9665,1933
yerba mate,1985,1984/1985,Corrientes,18,Santo Tomé,18168,7700,5700,11030,1935
yerba mate,1985,1984/1985,Misiones,54,Apóstoles,54007,12800,8058,14146,1756
yerba mate,1985,1984/1985,Misiones,54,Cainguás,54014,6580,4143,7021,1695
yerba mate,1985,1984/1985,Misiones,54,Candelaria,54021,3000,1889,2973,1574
yerba mate,1985,1984/1985,Misiones,54,Capital,54028,2320,1461,2474,1693
yerba mate,1985,1984/1985,Misiones,54,Concepción,54035,4700,2959,5194,1755
yerba mate,1985,1984/1985,Misiones,54,Eldorado,54042,10680,6724,11445,1702
yerba mate,1985,1984/1985,Misiones,54,General Manuel Belgrano,54049,50,31,53,1710
yerba mate,1985,1984/1985,Misiones,54,Guaraní,54056,550,346,628,1815
yerba mate,1985,1984/1985,Misiones,54,Iguazú,54063,6610,4161,7121,1711
yerba mate,1985,1984/1985,Misiones,54,Leandro N. Alem,54070,10400,6548,11097,1695
yerba mate,1985,1984/1985,Misiones,54,Libertador General San Martín,54077,9800,6170,10393,1684
yerba mate,1985,1984/1985,Misiones,54,Montecarlo,54084,7100,4470,7680,1718
yerba mate,1985,1984/1985,Misiones,54,Oberá,54091,25100,15854,28773,1815
yerba mate,1985,1984/1985,Misiones,54,San Ignacio,54098,18680,11771,19822,1684
yerba mate,1985,1984/1985,Misiones,54,San Javier,54105,3400,2141,3629,1695
yerba mate,1985,1984/1985,Misiones,54,San Pedro,54112,30,19,35,1842
yerba mate,1985,1984/1985,Misiones,54,25 de Mayo,54119,1200,755,1290,1709
yerba mate,1986,1985/1986,Corrientes,18,Ituzaingó,18084,9000,7300,11245,1540
yerba mate,1986,1985/1986,Corrientes,18,Santo Tomé,18168,10000,7000,10704,1529
yerba mate,1986,1985/1986,Misiones,54,Apóstoles,54007,12800,8994,13971,1553
yerba mate,1986,1985/1986,Misiones,54,Cainguás,54014,6580,4623,7079,1531
yerba mate,1986,1985/1986,Misiones,54,Candelaria,54021,3000,2108,3182,1509
yerba mate,1986,1985/1986,Misiones,54,Capital,54028,2320,2108,3182,1509
yerba mate,1986,1985/1986,Misiones,54,Concepción,54035,4700,3302,5054,1531
yerba mate,1986,1985/1986,Misiones,54,Eldorado,54042,10680,7504,11493,1532
yerba mate,1986,1985/1986,Misiones,54,General Manuel Belgrano,54049,50,35,54,1543
yerba mate,1986,1985/1986,Misiones,54,Guaraní,54056,550,386,590,1529
yerba mate,1986,1985/1986,Misiones,54,Iguazú,54063,6610,4645,7368,1586
yerba mate,1986,1985/1986,Misiones,54,Leandro N. Alem,54070,10400,7308,11191,1531
yerba mate,1986,1985/1986,Misiones,54,Libertador General San Martín,54077,9800,6886,10697,1553
yerba mate,1986,1985/1986,Misiones,54,Montecarlo,54084,7100,4989,7806,1565
yerba mate,1986,1985/1986,Misiones,54,Oberá,54091,25130,17140,26690,1557
yerba mate,1986,1985/1986,Misiones,54,San Ignacio,54098,18650,13105,20357,1553
yerba mate,1986,1985/1986,Misiones,54,San Javier,54105,3400,2389,3659,1532
yerba mate,1986,1985/1986,Misiones,54,San Pedro,54112,30,21,32,1524
yerba mate,1986,1985/1986,Misiones,54,25 de Mayo,54119,1200,857,1386,1617
yerba mate,1987,1986/1987,Corrientes,18,Ituzaingó,18084,9000,7400,6341,857
yerba mate,1987,1986/1987,Corrientes,18,Santo Tomé,18168,10000,7400,6679,903
yerba mate,1987,1986/1987,Misiones,54,Apóstoles,54007,12900,9417,12748,1354
yerba mate,1987,1986/1987,Misiones,54,Cainguás,54014,6650,4854,6297,1297
yerba mate,1987,1986/1987,Misiones,54,Candelaria,54021,3000,2190,2718,1241
yerba mate,1987,1986/1987,Misiones,54,Capital,54028,2320,1694,2197,1297
yerba mate,1987,1986/1987,Misiones,54,Concepción,54035,4850,3541,4794,1354
yerba mate,1987,1986/1987,Misiones,54,Eldorado,54042,10800,7884,10674,1354
yerba mate,1987,1986/1987,Misiones,54,General Manuel Belgrano,54049,80,58,79,1362
yerba mate,1987,1986/1987,Misiones,54,Guaraní,54056,600,438,578,1320
yerba mate,1987,1986/1987,Misiones,54,Iguazú,54063,6700,4891,6621,1354
yerba mate,1987,1986/1987,Misiones,54,Leandro N. Alem,54070,10500,7665,9513,1241
yerba mate,1987,1986/1987,Misiones,54,Libertador General San Martín,54077,9850,7190,9409,1309
yerba mate,1987,1986/1987,Misiones,54,Montecarlo,54084,7150,5219,7066,1354
yerba mate,1987,1986/1987,Misiones,54,Oberá,54091,25200,18418,23866,1296
yerba mate,1987,1986/1987,Misiones,54,San Ignacio,54098,18700,13651,17711,1297
yerba mate,1987,1986/1987,Misiones,54,San Javier,54105,3500,2555,3372,1320
yerba mate,1987,1986/1987,Misiones,54,San Pedro,54112,50,36,48,1333
yerba mate,1987,1986/1987,Misiones,54,25 de Mayo,54119,1300,949,1284,1353
yerba mate,1988,1987/1988,Corrientes,18,Ituzaingó,18084,6410,3846,7992,2078
yerba mate,1988,1987/1988,Corrientes,18,Santo Tomé,18168,9840,5994,12551,2094
yerba mate,1988,1987/1988,Misiones,54,Apóstoles,54007,12900,9685,11994,1238
yerba mate,1988,1987/1988,Misiones,54,Cainguás,54014,6650,4987,6109,1225
yerba mate,1988,1987/1988,Misiones,54,Candelaria,54021,3000,2250,2756,1225
yerba mate,1988,1987/1988,Misiones,54,Capital,54028,2320,1740,2150,1236
yerba mate,1988,1987/1988,Misiones,54,Concepción,54035,4850,3637,4496,1236
yerba mate,1988,1987/1988,Misiones,54,Eldorado,54042,10800,8100,10189,1258
yerba mate,1988,1987/1988,Misiones,54,General Manuel Belgrano,54049,80,60,79,1317
yerba mate,1988,1987/1988,Misiones,54,Guaraní,54056,600,450,566,1258
yerba mate,1988,1987/1988,Misiones,54,Iguazú,54063,6700,5025,6596,1313
yerba mate,1988,1987/1988,Misiones,54,Leandro N. Alem,54070,10500,7875,9906,1258
yerba mate,1988,1987/1988,Misiones,54,Libertador General San Martín,54077,9850,7387,9292,1258
yerba mate,1988,1987/1988,Misiones,54,Montecarlo,54084,7150,5352,6710,1254
yerba mate,1988,1987/1988,Misiones,54,Oberá,54091,25200,18900,23801,1259
yerba mate,1988,1987/1988,Misiones,54,San Ignacio,54098,18700,14025,17643,1258
yerba mate,1988,1987/1988,Misiones,54,San Javier,54105,3500,2625,3244,1236
yerba mate,1988,1987/1988,Misiones,54,San Pedro,54112,50,37,47,1270
yerba mate,1988,1987/1988,Misiones,54,25 de Mayo,54119,1300,975,1280,1313
yerba mate,1989,1988/1989,Corrientes,18,Ituzaingó,18084,6056,4696,6457,1375
yerba mate,1989,1988/1989,Corrientes,18,Santo Tomé,18168,9677,4777,7834,1640
yerba mate,1989,1988/1989,Misiones,54,Apóstoles,54007,12177,9617,12483,1298
yerba mate,1989,1988/1989,Misiones,54,Cainguás,54014,8250,3730,6360,1705
yerba mate,1989,1988/1989,Misiones,54,Candelaria,54021,2200,1666,1966,1180
yerba mate,1989,1988/1989,Misiones,54,Capital,54028,1193,843,1028,1219
yerba mate,1989,1988/1989,Misiones,54,Concepción,54035,5459,4119,5664,1375
yerba mate,1989,1988/1989,Misiones,54,Eldorado,54042,8429,6969,12823,1840
yerba mate,1989,1988/1989,Misiones,54,General Manuel Belgrano,54049,6347,1213,2147,1770
yerba mate,1989,1988/1989,Misiones,54,Guaraní,54056,6205,525,1038,1977
yerba mate,1989,1988/1989,Misiones,54,Iguazú,54063,4469,3119,6394,2050
yerba mate,1989,1988/1989,Misiones,54,Leandro N. Alem,54070,9072,5222,7849,1503
yerba mate,1989,1988/1989,Misiones,54,Libertador General San Martín,54077,7993,5563,11070,1990
yerba mate,1989,1988/1989,Misiones,54,Montecarlo,54084,6051,4388,8557,1950
yerba mate,1989,1988/1989,Misiones,54,Oberá,54091,26976,21442,30105,1404
yerba mate,1989,1988/1989,Misiones,54,San Ignacio,54098,19936,14616,17685,1210
yerba mate,1989,1988/1989,Misiones,54,San Javier,54105,3588,2693,3218,1195
yerba mate,1989,1988/1989,Misiones,54,San Pedro,54112,2456,136,147,1081
yerba mate,1989,1988/1989,Misiones,54,25 de Mayo,54119,3269,1379,2013,1460
yerba mate,1990,1989/1990,Corrientes,18,Ituzaingó,18084,6529,4129,5739,1390
yerba mate,1990,1989/1990,Corrientes,18,Santo Tomé,18168,13476,6776,10842,1600
yerba mate,1990,1989/1990,Misiones,54,Apóstoles,54007,17573,8873,11863,1337
yerba mate,1990,1989/1990,Misiones,54,Cainguás,54014,8782,3962,6934,1750
yerba mate,1990,1989/1990,Misiones,54,Candelaria,54021,2327,1707,2108,1235
yerba mate,1990,1989/1990,Misiones,54,Capital,54028,1193,753,919,1220
yerba mate,1990,1989/1990,Misiones,54,Concepción,54035,6780,3160,4411,1396
yerba mate,1990,1989/1990,Misiones,54,Eldorado,54042,9151,6466,12221,1890
yerba mate,1990,1989/1990,Misiones,54,General Manuel Belgrano,54049,6822,2400,4608,1920
yerba mate,1990,1989/1990,Misiones,54,Guaraní,54056,8528,1116,2176,1950
yerba mate,1990,1989/1990,Misiones,54,Iguazú,54063,4469,3258,6451,1980
yerba mate,1990,1989/1990,Misiones,54,Leandro N. Alem,54070,10402,6680,10013,1499
yerba mate,1990,1989/1990,Misiones,54,Libertador General San Martín,54077,10209,5714,10542,1845
yerba mate,1990,1989/1990,Misiones,54,Montecarlo,54084,6051,4602,7547,1640
yerba mate,1990,1989/1990,Misiones,54,Oberá,54091,26976,21181,29865,1410
yerba mate,1990,1989/1990,Misiones,54,San Ignacio,54098,21561,15747,21888,1390
yerba mate,1990,1989/1990,Misiones,54,San Javier,54105,3588,2828,3620,1280
yerba mate,1990,1989/1990,Misiones,54,San Pedro,54112,3869,1065,1917,1800
yerba mate,1990,1989/1990,Misiones,54,25 de Mayo,54119,3269,1425,2166,1520
yerba mate,1991,1990/1991,Corrientes,18,Ituzaingó,18084,6529,4229,5963,1410
yerba mate,1991,1990/1991,Corrientes,18,Santo Tomé,18168,13971,7471,12850,1720
yerba mate,1991,1990/1991,Misiones,54,Apóstoles,54007,17573,10463,13351,1276
yerba mate,1991,1990/1991,Misiones,54,Cainguás,54014,8782,4652,7104,1527
yerba mate,1991,1990/1991,Misiones,54,Candelaria,54021,2327,1627,2001,1230
yerba mate,1991,1990/1991,Misiones,54,Capital,54028,1193,643,804,1250
yerba mate,1991,1990/1991,Misiones,54,Concepción,54035,6780,3355,5200,1550
yerba mate,1991,1990/1991,Misiones,54,Eldorado,54042,9151,6451,10380,1609
yerba mate,1991,1990/1991,Misiones,54,General Manuel Belgrano,54049,6822,2696,5729,2125
yerba mate,1991,1990/1991,Misiones,54,Guaraní,54056,8528,2416,4827,1998
yerba mate,1991,1990/1991,Misiones,54,Iguazú,54063,4469,3269,6205,1898
yerba mate,1991,1990/1991,Misiones,54,Leandro N. Alem,54070,10402,6702,9296,1387
yerba mate,1991,1990/1991,Misiones,54,Libertador General San Martín,54077,10209,5719,9860,1724
yerba mate,1991,1990/1991,Misiones,54,Montecarlo,54084,6051,4601,8236,1790
yerba mate,1991,1990/1991,Misiones,54,Oberá,54091,26976,21176,29604,1398
yerba mate,1991,1990/1991,Misiones,54,San Ignacio,54098,21561,15711,20927,1332
yerba mate,1991,1990/1991,Misiones,54,San Javier,54105,3588,2778,3917,1410
yerba mate,1991,1990/1991,Misiones,54,San Pedro,54112,3869,1069,2085,1950
yerba mate,1991,1990/1991,Misiones,54,25 de Mayo,54119,3269,1459,2422,1660
yerba mate,1992,1991/1992,Corrientes,18,Ituzaingó,18084,6539,4399,6950,1580
yerba mate,1992,1991/1992,Corrientes,18,Santo Tomé,18168,14061,8141,14898,1830
yerba mate,1992,1991/1992,Misiones,54,Apóstoles,54007,17573,11253,15619,1388
yerba mate,1992,1991/1992,Misiones,54,Cainguás,54014,8782,4762,7724,1622
yerba mate,1992,1991/1992,Misiones,54,Candelaria,54021,2327,1577,2023,1283
yerba mate,1992,1991/1992,Misiones,54,Capital,54028,1193,543,686,1263
yerba mate,1992,1991/1992,Misiones,54,Concepción,54035,6780,3630,5590,1540
yerba mate,1992,1991/1992,Misiones,54,Eldorado,54042,9151,6371,11213,1760
yerba mate,1992,1991/1992,Misiones,54,General Manuel Belgrano,54049,6822,2998,6494,2166
yerba mate,1992,1991/1992,Misiones,54,Guaraní,54056,8528,3258,6451,1980
yerba mate,1992,1991/1992,Misiones,54,Iguazú,54063,4469,3219,6406,1990
yerba mate,1992,1991/1992,Misiones,54,Leandro N. Alem,54070,10402,6777,9793,1445
yerba mate,1992,1991/1992,Misiones,54,Libertador General San Martín,54077,10209,5729,9791,1709
yerba mate,1992,1991/1992,Misiones,54,Montecarlo,54084,6051,4151,6932,1670
yerba mate,1992,1991/1992,Misiones,54,Oberá,54091,26976,21032,30686,1459
yerba mate,1992,1991/1992,Misiones,54,San Ignacio,54098,21561,15647,22688,1450
yerba mate,1992,1991/1992,Misiones,54,San Javier,54105,3588,2698,4101,1520
yerba mate,1992,1991/1992,Misiones,54,San Pedro,54112,3869,1110,2031,1830
yerba mate,1992,1991/1992,Misiones,54,25 de Mayo,54119,3269,1525,2379,1560
yerba mate,1993,1992/1993,Corrientes,18,Ituzaingó,18084,6539,4846,9014,1860
yerba mate,1993,1992/1993,Corrientes,18,Santo Tomé,18168,14161,8701,18846,2166
yerba mate,1993,1992/1993,Misiones,54,Apóstoles,54007,17573,14330,11751,820
yerba mate,1993,1992/1993,Misiones,54,Cainguás,54014,11734,9203,10436,1134
yerba mate,1993,1992/1993,Misiones,54,Candelaria,54021,2527,1677,1493,890
yerba mate,1993,1992/1993,Misiones,54,Capital,54028,1420,940,743,790
yerba mate,1993,1992/1993,Misiones,54,Concepción,54035,7830,6310,6310,1000
yerba mate,1993,1992/1993,Misiones,54,Eldorado,54042,11820,9866,16022,1624
yerba mate,1993,1992/1993,Misiones,54,General Manuel Belgrano,54049,12460,9507,27570,2900
yerba mate,1993,1992/1993,Misiones,54,Guaraní,54056,10756,8791,15824,1800
yerba mate,1993,1992/1993,Misiones,54,Iguazú,54063,7280,5884,10591,1800
yerba mate,1993,1992/1993,Misiones,54,Leandro N. Alem,54070,10980,8668,7368,850
yerba mate,1993,1992/1993,Misiones,54,Libertador General San Martín,54077,10890,8693,14204,1634
yerba mate,1993,1992/1993,Misiones,54,Montecarlo,54084,9800,7887,13487,1710
yerba mate,1993,1992/1993,Misiones,54,Oberá,54091,27320,23170,20853,900
yerba mate,1993,1992/1993,Misiones,54,San Ignacio,54098,21750,16774,16439,980
yerba mate,1993,1992/1993,Misiones,54,San Javier,54105,3690,2803,2775,990
yerba mate,1993,1992/1993,Misiones,54,San Pedro,54112,7860,5700,11400,2000
yerba mate,1993,1992/1993,Misiones,54,25 de Mayo,54119,5967,4623,6195,1340
yerba mate,1994,1993/1994,Corrientes,18,Ituzaingó,18084,6600,5050,9090,1800
yerba mate,1994,1993/1994,Corrientes,18,Santo Tomé,18168,14650,10450,20900,2000
yerba mate,1994,1993/1994,Misiones,54,Apóstoles,54007,16500,12500,16250,1300
yerba mate,1994,1993/1994,Misiones,54,Cainguás,54014,11900,8900,17800,2000
yerba mate,1994,1993/1994,Misiones,54,Candelaria,54021,2200,1600,1504,940
yerba mate,1994,1993/1994,Misiones,54,Capital,54028,3200,2600,2990,1150
yerba mate,1994,1993/1994,Misiones,54,Concepción,54035,8100,6300,8190,1300
yerba mate,1994,1993/1994,Misiones,54,Eldorado,54042,12100,8700,14355,1650
yerba mate,1994,1993/1994,Misiones,54,General Manuel Belgrano,54049,12500,8200,18040,2200
yerba mate,1994,1993/1994,Misiones,54,Guaraní,54056,11500,8400,12600,1500
yerba mate,1994,1993/1994,Misiones,54,Iguazú,54063,7100,4900,8085,1650
yerba mate,1994,1993/1994,Misiones,54,Leandro N. Alem,54070,10900,8800,11440,1300
yerba mate,1994,1993/1994,Misiones,54,Libertador General San Martín,54077,11700,8600,13760,1600
yerba mate,1994,1993/1994,Misiones,54,Montecarlo,54084,9700,6700,10720,1600
yerba mate,1994,1993/1994,Misiones,54,Oberá,54091,27100,21700,30380,1400
yerba mate,1994,1993/1994,Misiones,54,San Ignacio,54098,22800,17300,22490,1300
yerba mate,1994,1993/1994,Misiones,54,San Javier,54105,2900,1980,1980,1000
yerba mate,1994,1993/1994,Misiones,54,San Pedro,54112,8500,6700,13400,2000
yerba mate,1994,1993/1994,Misiones,54,25 de Mayo,54119,6200,4600,6440,1400
yerba mate,1995,1994/1995,Corrientes,18,Ituzaingó,18084,6700,4700,7050,1500
yerba mate,1995,1994/1995,Corrientes,18,Santo Tomé,18168,15000,11000,26400,2400
yerba mate,1995,1994/1995,Misiones,54,Apóstoles,54007,16650,11950,17328,1450
yerba mate,1995,1994/1995,Misiones,54,Cainguás,54014,11900,8600,20210,2350
yerba mate,1995,1994/1995,Misiones,54,Candelaria,54021,2200,1500,1500,1000
yerba mate,1995,1994/1995,Misiones,54,Capital,54028,3200,2400,3120,1300
yerba mate,1995,1994/1995,Misiones,54,Concepción,54035,8200,6000,8700,1450
yerba mate,1995,1994/1995,Misiones,54,Eldorado,54042,12150,8550,15390,1800
yerba mate,1995,1994/1995,Misiones,54,General Manuel Belgrano,54049,12600,8100,20250,2500
yerba mate,1995,1994/1995,Misiones,54,Guaraní,54056,11500,8350,14195,1700
yerba mate,1995,1994/1995,Misiones,54,Iguazú,54063,7150,4850,8730,1800
yerba mate,1995,1994/1995,Misiones,54,Leandro N. Alem,54070,10950,8550,11970,1400
yerba mate,1995,1994/1995,Misiones,54,Libertador General San Martín,54077,11760,8460,15228,1800
yerba mate,1995,1994/1995,Misiones,54,Montecarlo,54084,9750,6750,12150,1800
yerba mate,1995,1994/1995,Misiones,54,Oberá,54091,27150,21650,32475,1500
yerba mate,1995,1994/1995,Misiones,54,San Ignacio,54098,22800,16900,24505,1450
yerba mate,1995,1994/1995,Misiones,54,San Javier,54105,2900,1900,2090,1100
yerba mate,1995,1994/1995,Misiones,54,San Pedro,54112,8550,5650,13277,2350
yerba mate,1995,1994/1995,Misiones,54,25 de Mayo,54119,6200,4100,6150,1500
yerba mate,1996,1995/1996,Corrientes,18,Ituzaingó,18084,6750,4850,6305,1300
yerba mate,1996,1995/1996,Corrientes,18,Santo Tomé,18168,15500,12000,27600,2300
yerba mate,1996,1995/1996,Misiones,54,Apóstoles,54007,16600,13300,15295,1150
yerba mate,1996,1995/1996,Misiones,54,Cainguás,54014,12000,9400,18800,2000
yerba mate,1996,1995/1996,Misiones,54,Candelaria,54021,2200,1800,1620,900
yerba mate,1996,1995/1996,Misiones,54,Capital,54028,3200,2600,2860,1100
yerba mate,1996,1995/1996,Misiones,54,Concepción,54035,8300,6600,8250,1250
yerba mate,1996,1995/1996,Misiones,54,Eldorado,54042,12250,9350,17765,1900
yerba mate,1996,1995/1996,Misiones,54,General Manuel Belgrano,54049,13000,9600,23040,2400
yerba mate,1996,1995/1996,Misiones,54,Guaraní,54056,12000,9400,16920,1800
yerba mate,1996,1995/1996,Misiones,54,Iguazú,54063,7300,5800,10150,1750
yerba mate,1996,1995/1996,Misiones,54,Leandro N. Alem,54070,11000,9000,10800,1200
yerba mate,1996,1995/1996,Misiones,54,Libertador General San Martín,54077,12200,9200,17480,1900
yerba mate,1996,1995/1996,Misiones,54,Montecarlo,54084,10000,7500,14250,1900
yerba mate,1996,1995/1996,Misiones,54,Oberá,54091,27000,21600,28080,1300
yerba mate,1996,1995/1996,Misiones,54,San Ignacio,54098,22500,18000,26100,1450
yerba mate,1996,1995/1996,Misiones,54,San Javier,54105,2900,2100,2310,1100
yerba mate,1996,1995/1996,Misiones,54,San Pedro,54112,8650,6650,15295,2300
yerba mate,1996,1995/1996,Misiones,54,25 de Mayo,54119,6200,4700,7050,1500
yerba mate,1997,1996/1997,Corrientes,18,Ituzaingó,18084,6900,5100,7140,1400
yerba mate,1997,1996/1997,Corrientes,18,Santo Tomé,18168,16000,12500,28125,2250
yerba mate,1997,1996/1997,Misiones,54,Apóstoles,54007,16800,12800,20480,1600
yerba mate,1997,1996/1997,Misiones,54,Cainguás,54014,10500,7000,14700,2100
yerba mate,1997,1996/1997,Misiones,54,Candelaria,54021,1900,1300,1950,1500
yerba mate,1997,1996/1997,Misiones,54,Capital,54028,4100,3000,7800,2600
yerba mate,1997,1996/1997,Misiones,54,Concepción,54035,8550,6050,11193,1850
yerba mate,1997,1996/1997,Misiones,54,Eldorado,54042,11700,8200,15580,1900
yerba mate,1997,1996/1997,Misiones,54,General Manuel Belgrano,54049,13400,9200,25760,2800
yerba mate,1997,1996/1997,Misiones,54,Guaraní,54056,9500,6400,14080,2200
yerba mate,1997,1996/1997,Misiones,54,Iguazú,54063,5200,3800,7410,1950
yerba mate,1997,1996/1997,Misiones,54,Leandro N. Alem,54070,11100,7700,13090,1700
yerba mate,1997,1996/1997,Misiones,54,Libertador General San Martín,54077,12300,8800,18480,2100
yerba mate,1997,1996/1997,Misiones,54,Montecarlo,54084,8500,5700,11970,2100
yerba mate,1997,1996/1997,Misiones,54,Oberá,54091,26500,20500,35875,1750
yerba mate,1997,1996/1997,Misiones,54,San Ignacio,54098,23500,18500,31450,1700
yerba mate,1997,1996/1997,Misiones,54,San Javier,54105,3000,2000,3700,1850
yerba mate,1997,1996/1997,Misiones,54,San Pedro,54112,4500,3000,6900,2300
yerba mate,1997,1996/1997,Misiones,54,25 de Mayo,54119,4400,3100,5890,1900
yerba mate,1998,1997/1998,Corrientes,18,Ituzaingó,18084,7000,5300,7155,1350
yerba mate,1998,1997/1998,Corrientes,18,Santo Tomé,18168,16300,12900,28380,2200
yerba mate,1998,1997/1998,Misiones,54,Apóstoles,54007,17000,14000,21000,1500
yerba mate,1998,1997/1998,Misiones,54,Cainguás,54014,10700,7800,15210,1950
yerba mate,1998,1997/1998,Misiones,54,Candelaria,54021,1900,1300,1820,1400
yerba mate,1998,1997/1998,Misiones,54,Capital,54028,4200,3200,7680,2400
yerba mate,1998,1997/1998,Misiones,54,Concepción,54035,8700,6500,11375,1750
yerba mate,1998,1997/1998,Misiones,54,Eldorado,54042,11900,8900,16465,1850
yerba mate,1998,1997/1998,Misiones,54,General Manuel Belgrano,54049,14200,10200,27030,2650
yerba mate,1998,1997/1998,Misiones,54,Guaraní,54056,9600,6600,13860,2100
yerba mate,1998,1997/1998,Misiones,54,Iguazú,54063,5300,3900,7215,1850
yerba mate,1998,1997/1998,Misiones,54,Leandro N. Alem,54070,11100,8100,13365,1650
yerba mate,1998,1997/1998,Misiones,54,Libertador General San Martín,54077,12500,9400,18330,1950
yerba mate,1998,1997/1998,Misiones,54,Montecarlo,54084,8700,6100,11895,1950
yerba mate,1998,1997/1998,Misiones,54,Oberá,54091,26600,21700,36890,1700
yerba mate,1998,1997/1998,Misiones,54,San Ignacio,54098,23600,19600,31360,1600
yerba mate,1998,1997/1998,Misiones,54,San Javier,54105,3100,2300,4140,1800
yerba mate,1998,1997/1998,Misiones,54,San Pedro,54112,4700,3400,7480,2200
yerba mate,1998,1997/1998,Misiones,54,25 de Mayo,54119,4500,3400,6120,1800
yerba mate,1999,1998/1999,Corrientes,18,Ituzaingó,18084,6520,6259,32755,5233
yerba mate,1999,1998/1999,Corrientes,18,Santo Tomé,18168,13276,12347,71805,5816
yerba mate,1999,1998/1999,Misiones,54,Apóstoles,54007,16958,15768,46325,2938
yerba mate,1999,1998/1999,Misiones,54,Cainguás,54014,10796,10148,55583,5477
yerba mate,1999,1998/1999,Misiones,54,Candelaria,54021,1900,1881,3088,1642
yerba mate,1999,1998/1999,Misiones,54,Capital,54028,5496,5386,12025,2233
yerba mate,1999,1998/1999,Misiones,54,Concepción,54035,8508,8168,24460,2995
yerba mate,1999,1998/1999,Misiones,54,Eldorado,54042,10748,10103,19169,1897
yerba mate,1999,1998/1999,Misiones,54,General Manuel Belgrano,54049,13384,12313,63895,5189
yerba mate,1999,1998/1999,Misiones,54,Guaraní,54056,11300,10509,55202,5253
yerba mate,1999,1998/1999,Misiones,54,Iguazú,54063,9792,9204,31226,3393
yerba mate,1999,1998/1999,Misiones,54,Leandro N. Alem,54070,5012,4862,21179,4356
yerba mate,1999,1998/1999,Misiones,54,Libertador General San Martín,54077,11052,10389,25329,2438
yerba mate,1999,1998/1999,Misiones,54,Montecarlo,54084,8124,7718,40889,5298
yerba mate,1999,1998/1999,Misiones,54,Oberá,54091,26312,23418,91622,3912
yerba mate,1999,1998/1999,Misiones,54,San Ignacio,54098,22736,20690,61712,2983
yerba mate,1999,1998/1999,Misiones,54,San Javier,54105,3052,2991,8039,2688
yerba mate,1999,1998/1999,Misiones,54,San Pedro,54112,4844,4699,23910,5088
yerba mate,1999,1998/1999,Misiones,54,25 de Mayo,54119,4740,4598,15235,3313
yerba mate,2000,1999/2000,Corrientes,18,Ituzaingó,18084,6270,6019,36007,5982
yerba mate,2000,1999/2000,Corrientes,18,Santo Tomé,18168,11701,10882,75848,6970
yerba mate,2000,1999/2000,Misiones,54,Apóstoles,54007,16937,15732,41461,2635
yerba mate,2000,1999/2000,Misiones,54,Cainguás,54014,10846,10185,59338,5826
yerba mate,2000,1999/2000,Misiones,54,Candelaria,54021,1900,1881,2759,1467
yerba mate,2000,1999/2000,Misiones,54,Capital,54028,6171,6048,8022,1326
yerba mate,2000,1999/2000,Misiones,54,Concepción,54035,8408,8067,20302,2517
yerba mate,2000,1999/2000,Misiones,54,Eldorado,54042,10148,9534,12112,1270
yerba mate,2000,1999/2000,Misiones,54,General Manuel Belgrano,54049,12959,11911,51640,4335
yerba mate,2000,1999/2000,Misiones,54,Guaraní,54056,10675,9928,57875,5829
yerba mate,2000,1999/2000,Misiones,54,Iguazú,54063,9892,9298,27036,2908
yerba mate,2000,1999/2000,Misiones,54,Leandro N. Alem,54070,4862,4716,20128,4268
yerba mate,2000,1999/2000,Misiones,54,Libertador General San Martín,54077,11027,10365,22229,2145
yerba mate,2000,1999/2000,Misiones,54,Montecarlo,54084,7824,7433,41206,5544
yerba mate,2000,1999/2000,Misiones,54,Oberá,54091,26172,23274,92614,3979
yerba mate,2000,1999/2000,Misiones,54,San Ignacio,54098,22297,20270,56344,2780
yerba mate,2000,1999/2000,Misiones,54,San Javier,54105,3027,2966,7028,2370
yerba mate,2000,1999/2000,Misiones,54,San Pedro,54112,4919,4771,22464,4708
yerba mate,2000,1999/2000,Misiones,54,25 de Mayo,54119,4865,4719,15986,3388
yerba mate,2001,2000/2001,Corrientes,18,Ituzaingó,18084,6150,5904,37738,6392
yerba mate,2001,2000/2001,Corrientes,18,Santo Tomé,18168,10945,10179,67905,6671
yerba mate,2001,2000/2001,Misiones,54,Apóstoles,54007,16910,15721,41051,2611
yerba mate,2001,2000/2001,Misiones,54,Cainguás,54014,10870,10210,62080,6080
yerba mate,2001,2000/2001,Misiones,54,Candelaria,54021,1900,1881,2491,1324
yerba mate,2001,2000/2001,Misiones,54,Capital,54028,6495,6365,10319,1621
yerba mate,2001,2000/2001,Misiones,54,Concepción,54035,8360,8026,20625,2570
yerba mate,2001,2000/2001,Misiones,54,Eldorado,54042,9860,9268,12197,1316
yerba mate,2001,2000/2001,Misiones,54,General Manuel Belgrano,54049,12755,11735,60544,5159
yerba mate,2001,2000/2001,Misiones,54,Guaraní,54056,10375,9649,60013,6220
yerba mate,2001,2000/2001,Misiones,54,Iguazú,54063,9940,9344,28121,3010
yerba mate,2001,2000/2001,Misiones,54,Leandro N. Alem,54070,4790,4646,20839,4485
yerba mate,2001,2000/2001,Misiones,54,Libertador General San Martín,54077,11015,10354,23228,2243
yerba mate,2001,2000/2001,Misiones,54,Montecarlo,54084,7680,7296,41731,5720
yerba mate,2001,2000/2001,Misiones,54,Oberá,54091,26090,23210,90087,3881
yerba mate,2001,2000/2001,Misiones,54,San Ignacio,54098,22070,20074,59088,2944
yerba mate,2001,2000/2001,Misiones,54,San Javier,54105,3015,2955,7390,2501
yerba mate,2001,2000/2001,Misiones,54,San Pedro,54112,4955,4806,23767,4945
yerba mate,2001,2000/2001,Misiones,54,25 de Mayo,54119,4925,4777,15383,3220
yerba mate,2002,2001/2002,Corrientes,18,Ituzaingó,18084,6050,5808,31356,5399
yerba mate,2002,2001/2002,Corrientes,18,Santo Tomé,18168,10315,9593,74119,7726
yerba mate,2002,2001/2002,Misiones,54,Apóstoles,54007,16900,15722,43508,2767
yerba mate,2002,2001/2002,Misiones,54,Cainguás,54014,10885,10237,62357,6091
yerba mate,2002,2001/2002,Misiones,54,Candelaria,54021,1900,1881,3094,1645
yerba mate,2002,2001/2002,Misiones,54,Capital,54028,6765,6630,10011,1510
yerba mate,2002,2001/2002,Misiones,54,Concepción,54035,8320,7987,21041,2634
yerba mate,2002,2001/2002,Misiones,54,Eldorado,54042,9620,9043,14009,1549
yerba mate,2002,2001/2002,Misiones,54,General Manuel Belgrano,54049,12580,11578,56768,4903
yerba mate,2002,2001/2002,Misiones,54,Guaraní,54056,10125,9416,61336,6514
yerba mate,2002,2001/2002,Misiones,54,Iguazú,54063,9980,9381,32870,3504
yerba mate,2002,2001/2002,Misiones,54,Leandro N. Alem,54070,4730,4588,19636,4280
yerba mate,2002,2001/2002,Misiones,54,Libertador General San Martín,54077,11005,10345,21849,2112
yerba mate,2002,2001/2002,Misiones,54,Montecarlo,54084,7560,7182,41544,5784
yerba mate,2002,2001/2002,Misiones,54,Oberá,54091,26020,23184,91526,3948
yerba mate,2002,2001/2002,Misiones,54,San Ignacio,54098,21880,19920,60972,3061
yerba mate,2002,2001/2002,Misiones,54,San Javier,54105,3005,2945,8573,2911
yerba mate,2002,2001/2002,Misiones,54,San Pedro,54112,4985,4835,26076,5393
yerba mate,2002,2001/2002,Misiones,54,25 de Mayo,54119,4975,4826,14755,3057
yerba mate,2003,2002/2003,Corrientes,18,Ituzaingó,18084,6000,5400,26460,4900
yerba mate,2003,2002/2003,Corrientes,18,Santo Tomé,18168,10500,10000,81000,8100
yerba mate,2003,2002/2003,Misiones,54,Apóstoles,54007,16900,14900,59281,3979
yerba mate,2003,2002/2003,Misiones,54,Cainguás,54014,10900,9100,38558,4237
yerba mate,2003,2002/2003,Misiones,54,Candelaria,54021,1900,1500,4006,2671
yerba mate,2003,2002/2003,Misiones,54,Capital,54028,6900,3600,19749,5486
yerba mate,2003,2002/2003,Misiones,54,Concepción,54035,8300,7500,35871,4783
yerba mate,2003,2002/2003,Misiones,54,Eldorado,54042,9500,8550,38358,4486
yerba mate,2003,2002/2003,Misiones,54,General Manuel Belgrano,54049,12500,11300,86628,7666
yerba mate,2003,2002/2003,Misiones,54,Guaraní,54056,10000,8100,41585,5134
yerba mate,2003,2002/2003,Misiones,54,Iguazú,54063,10000,8000,36879,4610
yerba mate,2003,2002/2003,Misiones,54,Leandro N. Alem,54070,4700,4200,24112,5741
yerba mate,2003,2002/2003,Misiones,54,Libertador General San Martín,54077,11000,9100,34010,3737
yerba mate,2003,2002/2003,Misiones,54,Montecarlo,54084,7500,6100,39074,6406
yerba mate,2003,2002/2003,Misiones,54,Oberá,54091,26000,21000,92262,4393
yerba mate,2003,2002/2003,Misiones,54,San Ignacio,54098,21800,17300,70445,4072
yerba mate,2003,2002/2003,Misiones,54,San Javier,54105,3000,2400,9166,3819
yerba mate,2003,2002/2003,Misiones,54,San Pedro,54112,5000,4000,23332,5833
yerba mate,2003,2002/2003,Misiones,54,25 de Mayo,54119,5000,4000,14815,3704
yerba mate,2004,2003/2004,Corrientes,18,Ituzaingó,18084,6000,5300,21750,4104
yerba mate,2004,2003/2004,Corrientes,18,Santo Tomé,18168,11000,10200,73450,7201
yerba mate,2004,2003/2004,Misiones,54,Apóstoles,54007,17000,15000,54000,3600
yerba mate,2004,2003/2004,Misiones,54,Cainguás,54014,11000,9300,38130,4100
yerba mate,2004,2003/2004,Misiones,54,Candelaria,54021,1900,1600,4000,2500
yerba mate,2004,2003/2004,Misiones,54,Capital,54028,6900,4100,20500,5000
yerba mate,2004,2003/2004,Misiones,54,Concepción,54035,8500,7600,34960,4600
yerba mate,2004,2003/2004,Misiones,54,Eldorado,54042,9500,8600,37840,4400
yerba mate,2004,2003/2004,Misiones,54,General Manuel Belgrano,54049,13000,11700,87750,7500
yerba mate,2004,2003/2004,Misiones,54,Guaraní,54056,10500,9000,43200,4800
yerba mate,2004,2003/2004,Misiones,54,Iguazú,54063,10000,8500,38250,4500
yerba mate,2004,2003/2004,Misiones,54,Leandro N. Alem,54070,4700,4300,21500,5000
yerba mate,2004,2003/2004,Misiones,54,Libertador General San Martín,54077,11000,9300,36270,3900
yerba mate,2004,2003/2004,Misiones,54,Montecarlo,54084,7500,6400,32000,5000
yerba mate,2004,2003/2004,Misiones,54,Oberá,54091,26000,21200,86920,4100
yerba mate,2004,2003/2004,Misiones,54,San Ignacio,54098,21800,17600,70400,4000
yerba mate,2004,2003/2004,Misiones,54,San Javier,54105,3000,2500,9500,3800
yerba mate,2004,2003/2004,Misiones,54,San Pedro,54112,5000,4550,23660,5200
yerba mate,2004,2003/2004,Misiones,54,25 de Mayo,54119,5000,4200,15120,3600
yerba mate,2005,2004/2005,Corrientes,18,Ituzaingó,18084,6000,5400,22680,4200
yerba mate,2005,2004/2005,Corrientes,18,Santo Tomé,18168,11500,10700,78640,7350
yerba mate,2005,2004/2005,Misiones,54,Apóstoles,54007,17100,15400,56210,3650
yerba mate,2005,2004/2005,Misiones,54,Cainguás,54014,11000,9700,40740,4200
yerba mate,2005,2004/2005,Misiones,54,Candelaria,54021,1900,1700,3910,2300
yerba mate,2005,2004/2005,Misiones,54,Capital,54028,6900,4900,24990,5100
yerba mate,2005,2004/2005,Misiones,54,Concepción,54035,8600,7710,36237,4700
yerba mate,2005,2004/2005,Misiones,54,Eldorado,54042,9550,8650,38060,4400
yerba mate,2005,2004/2005,Misiones,54,General Manuel Belgrano,54049,13100,11800,89680,7600
yerba mate,2005,2004/2005,Misiones,54,Guaraní,54056,10500,9200,44160,4800
yerba mate,2005,2004/2005,Misiones,54,Iguazú,54063,10000,8800,40040,4550
yerba mate,2005,2004/2005,Misiones,54,Leandro N. Alem,54070,4700,4300,21500,5000
yerba mate,2005,2004/2005,Misiones,54,Libertador General San Martín,54077,11000,9500,37525,3950
yerba mate,2005,2004/2005,Misiones,54,Montecarlo,54084,7500,6600,32340,4900
yerba mate,2005,2004/2005,Misiones,54,Oberá,54091,26000,22200,92123,4150
yerba mate,2005,2004/2005,Misiones,54,San Ignacio,54098,21850,17940,73595,4102
yerba mate,2005,2004/2005,Misiones,54,San Javier,54105,3050,2650,10203,3850
yerba mate,2005,2004/2005,Misiones,54,San Pedro,54112,5050,4550,23888,5250
yerba mate,2005,2004/2005,Misiones,54,25 de Mayo,54119,5000,4400,16280,3700
yerba mate,2006,2005/2006,Corrientes,18,Ituzaingó,18084,6100,5300,20670,3900
yerba mate,2006,2005/2006,Corrientes,18,Santo Tomé,18168,11800,10600,74230,7003
yerba mate,2006,2005/2006,Misiones,54,Apóstoles,54007,17150,15500,56885,3670
yerba mate,2006,2005/2006,Misiones,54,Cainguás,54014,11100,9700,41225,4250
yerba mate,2006,2005/2006,Misiones,54,Candelaria,54021,1900,1700,3910,2300
yerba mate,2006,2005/2006,Misiones,54,Capital,54028,6900,5100,26010,5100
yerba mate,2006,2005/2006,Misiones,54,Concepción,54035,8700,7750,36658,4730
yerba mate,2006,2005/2006,Misiones,54,Eldorado,54042,9600,8650,38925,4500
yerba mate,2006,2005/2006,Misiones,54,General Manuel Belgrano,54049,13400,11900,91630,7700
yerba mate,2006,2005/2006,Misiones,54,Guaraní,54056,10000,8800,40480,4600
yerba mate,2006,2005/2006,Misiones,54,Iguazú,54063,4700,4250,21675,5100
yerba mate,2006,2005/2006,Misiones,54,Leandro N. Alem,54070,11100,9500,37620,3960
yerba mate,2006,2005/2006,Misiones,54,Libertador General San Martín,54077,10500,9200,45080,4900
yerba mate,2006,2005/2006,Misiones,54,Montecarlo,54084,7600,6700,32830,4900
yerba mate,2006,2005/2006,Misiones,54,Oberá,54091,26000,22300,93329,4185
yerba mate,2006,2005/2006,Misiones,54,San Ignacio,54098,21900,18150,75323,4150
yerba mate,2006,2005/2006,Misiones,54,San Javier,54105,3100,2700,10395,3850
yerba mate,2006,2005/2006,Misiones,54,San Pedro,54112,5100,4500,24075,5350
yerba mate,2006,2005/2006,Misiones,54,25 de Mayo,54119,5100,4520,16950,3750
yerba mate,2007,2006/2007,Corrientes,18,Ituzaingó,18084,6300,5650,31074,5500
yerba mate,2007,2006/2007,Corrientes,18,Santo Tomé,18168,11900,10800,81000,7500
yerba mate,2007,2006/2007,Misiones,54,Apóstoles,54007,17200,15500,75950,4900
yerba mate,2007,2006/2007,Misiones,54,Cainguás,54014,11200,9700,38800,4000
yerba mate,2007,2006/2007,Misiones,54,Candelaria,54021,1900,1700,4080,2400
yerba mate,2007,2006/2007,Misiones,54,Capital,54028,6900,5100,25500,5000
yerba mate,2007,2006/2007,Misiones,54,Concepción,54035,8750,7850,37131,4730
yerba mate,2007,2006/2007,Misiones,54,Eldorado,54042,9600,8700,37410,4300
yerba mate,2007,2006/2007,Misiones,54,General Manuel Belgrano,54049,13500,11900,88060,7400
yerba mate,2007,2006/2007,Misiones,54,Guaraní,54056,10000,8800,39600,4500
yerba mate,2007,2006/2007,Misiones,54,Iguazú,54063,4800,4300,22790,5300
yerba mate,2007,2006/2007,Misiones,54,Leandro N. Alem,54070,11100,9500,36100,3800
yerba mate,2007,2006/2007,Misiones,54,Libertador General San Martín,54077,10500,9200,45080,4900
yerba mate,2007,2006/2007,Misiones,54,Montecarlo,54084,7600,6700,32830,4900
yerba mate,2007,2006/2007,Misiones,54,Oberá,54091,26100,22350,91635,4100
yerba mate,2007,2006/2007,Misiones,54,San Ignacio,54098,21900,18700,76670,4100
yerba mate,2007,2006/2007,Misiones,54,San Javier,54105,3100,2700,9990,3700
yerba mate,2007,2006/2007,Misiones,54,San Pedro,54112,5250,4600,25300,5500
yerba mate,2007,2006/2007,Misiones,54,25 de Mayo,54119,5100,4520,17600,3894
yerba mate,2008,2007/2008,Corrientes,18,Ituzaingó,18084,6400,5700,27360,4800
yerba mate,2008,2007/2008,Corrientes,18,Santo Tomé,18168,12100,10850,80290,7400
yerba mate,2008,2007/2008,Misiones,54,Apóstoles,54007,17250,15400,63140,4100
yerba mate,2008,2007/2008,Misiones,54,Cainguás,54014,11350,9750,34125,3500
yerba mate,2008,2007/2008,Misiones,54,Candelaria,54021,1900,1500,3000,2000
yerba mate,2008,2007/2008,Misiones,54,Capital,54028,6900,5200,21840,4200
yerba mate,2008,2007/2008,Misiones,54,Concepción,54035,8800,7900,32390,4100
yerba mate,2008,2007/2008,Misiones,54,Eldorado,54042,9600,8700,36540,4200
yerba mate,2008,2007/2008,Misiones,54,General Manuel Belgrano,54049,13550,11950,78870,6600
yerba mate,2008,2007/2008,Misiones,54,Guaraní,54056,10000,8700,35670,4100
yerba mate,2008,2007/2008,Misiones,54,Iguazú,54063,4850,4300,21500,5000
yerba mate,2008,2007/2008,Misiones,54,Leandro N. Alem,54070,11100,9550,32470,3400
yerba mate,2008,2007/2008,Misiones,54,Libertador General San Martín,54077,10500,9250,41625,4500
yerba mate,2008,2007/2008,Misiones,54,Montecarlo,54084,7600,6700,30150,4500
yerba mate,2008,2007/2008,Misiones,54,Oberá,54091,26150,22350,82695,3700
yerba mate,2008,2007/2008,Misiones,54,San Ignacio,54098,21900,18800,62040,3300
yerba mate,2008,2007/2008,Misiones,54,San Javier,54105,3100,2650,8215,3100
yerba mate,2008,2007/2008,Misiones,54,San Pedro,54112,5400,4700,21620,4600
yerba mate,2008,2007/2008,Misiones,54,25 de Mayo,54119,5100,4500,16650,3700
yerba mate,2009,2008/2009,Corrientes,18,Ituzaingó,18084,6400,5800,23200,4000
yerba mate,2009,2008/2009,Corrientes,18,Santo Tomé,18168,12200,10950,73475,6710
yerba mate,2009,2008/2009,Misiones,54,Apóstoles,54007,17700,16200,64800,4000
yerba mate,2009,2008/2009,Misiones,54,Cainguás,54014,11400,10200,37740,3700
yerba mate,2009,2008/2009,Misiones,54,Candelaria,54021,1800,1200,2160,1800
yerba mate,2009,2008/2009,Misiones,54,Capital,54028,7000,6100,23790,3900
yerba mate,2009,2008/2009,Misiones,54,Concepción,54035,8900,7980,31122,3900
yerba mate,2009,2008/2009,Misiones,54,Eldorado,54042,9600,8700,37410,4300
yerba mate,2009,2008/2009,Misiones,54,General Manuel Belgrano,54049,13550,12050,79530,6600
yerba mate,2009,2008/2009,Misiones,54,Guaraní,54056,10500,9200,42320,4600
yerba mate,2009,2008/2009,Misiones,54,Iguazú,54063,4850,4300,20640,4800
yerba mate,2009,2008/2009,Misiones,54,Leandro N. Alem,54070,11200,9650,31845,3300
yerba mate,2009,2008/2009,Misiones,54,Libertador General San Martín,54077,10520,9250,41625,4500
yerba mate,2009,2008/2009,Misiones,54,Montecarlo,54084,7630,6730,30285,4500
yerba mate,2009,2008/2009,Misiones,54,Oberá,54091,26300,23900,83650,3500
yerba mate,2009,2008/2009,Misiones,54,San Ignacio,54098,22000,19600,68600,3500
yerba mate,2009,2008/2009,Misiones,54,San Javier,54105,3100,2650,7950,3000
yerba mate,2009,2008/2009,Misiones,54,San Pedro,54112,5500,4800,23760,4950
yerba mate,2009,2008/2009,Misiones,54,25 de Mayo,54119,5300,4680,17784,3800
yerba mate,2010,2009/2010,Corrientes,18,Ituzaingó,18084,6400,5900,28615,4850
yerba mate,2010,2009/2010,Corrientes,18,Santo Tomé,18168,12300,11100,87135,7850
yerba mate,2010,2009/2010,Misiones,54,Apóstoles,54007,17700,16300,66830,4100
yerba mate,2010,2009/2010,Misiones,54,Cainguás,54014,11400,10200,38760,3800
yerba mate,2010,2009/2010,Misiones,54,Candelaria,54021,1700,1200,2280,1900
yerba mate,2010,2009/2010,Misiones,54,Capital,54028,7000,6300,27720,4400
yerba mate,2010,2009/2010,Misiones,54,Concepción,54035,8950,8150,35045,4300
yerba mate,2010,2009/2010,Misiones,54,Eldorado,54042,9600,8700,40020,4600
yerba mate,2010,2009/2010,Misiones,54,General Manuel Belgrano,54049,13550,12050,82543,6850
yerba mate,2010,2009/2010,Misiones,54,Guaraní,54056,10500,9200,43240,4700
yerba mate,2010,2009/2010,Misiones,54,Iguazú,54063,4850,4300,21070,4900
yerba mate,2010,2009/2010,Misiones,54,Leandro N. Alem,54070,11200,10100,38380,3800
yerba mate,2010,2009/2010,Misiones,54,Libertador General San Martín,54077,10520,9420,43332,4600
yerba mate,2010,2009/2010,Misiones,54,Montecarlo,54084,7630,6930,31878,4600
yerba mate,2010,2009/2010,Misiones,54,Oberá,54091,25800,23400,91260,3900
yerba mate,2010,2009/2010,Misiones,54,San Ignacio,54098,22000,20000,74000,3700
yerba mate,2010,2009/2010,Misiones,54,San Javier,54105,3100,2700,8910,3300
yerba mate,2010,2009/2010,Misiones,54,San Pedro,54112,5500,4800,24480,5100
yerba mate,2010,2009/2010,Misiones,54,25 de Mayo,54119,5300,4800,18960,3950
yerba mate,2011,2010/2011,Corrientes,18,Ituzaingó,18084,6400,5900,27140,4600
yerba mate,2011,2010/2011,Corrientes,18,Santo Tomé,18168,12400,11100,81580,7350
yerba mate,2011,2010/2011,Misiones,54,Apóstoles,54007,17900,16300,65200,4000
yerba mate,2011,2010/2011,Misiones,54,Cainguás,54014,11400,10200,37740,3700
yerba mate,2011,2010/2011,Misiones,54,Candelaria,54021,1700,1200,2280,1900
yerba mate,2011,2010/2011,Misiones,54,Capital,54028,7000,6300,26460,4200
yerba mate,2011,2010/2011,Misiones,54,Concepción,54035,9000,8200,33620,4100
yerba mate,2011,2010/2011,Misiones,54,Eldorado,54042,9600,8800,39600,4500
yerba mate,2011,2010/2011,Misiones,54,General Manuel Belgrano,54049,13550,12250,79625,6500
yerba mate,2011,2010/2011,Misiones,54,Guaraní,54056,10700,9400,45120,4800
yerba mate,2011,2010/2011,Misiones,54,Iguazú,54063,4850,4350,20000,4598
yerba mate,2011,2010/2011,Misiones,54,Leandro N. Alem,54070,11200,10100,35350,3500
yerba mate,2011,2010/2011,Misiones,54,Libertador General San Martín,54077,10520,9420,41450,4400
yerba mate,2011,2010/2011,Misiones,54,Montecarlo,54084,7630,6930,31185,4500
yerba mate,2011,2010/2011,Misiones,54,Oberá,54091,25900,23400,87750,3750
yerba mate,2011,2010/2011,Misiones,54,San Ignacio,54098,22000,20000,70000,3500
yerba mate,2011,2010/2011,Misiones,54,San Javier,54105,3100,2800,8680,3100
yerba mate,2011,2010/2011,Misiones,54,San Pedro,54112,5700,4900,24255,4950
yerba mate,2011,2010/2011,Misiones,54,25 de Mayo,54119,5300,4700,18565,3950
yerba mate,2012,2011/2012,Corrientes,18,Ituzaingó,18084,6600,5900,26550,4500
yerba mate,2012,2011/2012,Corrientes,18,Santo Tomé,18168,12600,11300,68930,6100
yerba mate,2012,2011/2012,Misiones,54,Apóstoles,54007,18000,16400,63140,3850
yerba mate,2012,2011/2012,Misiones,54,Cainguás,54014,11500,10500,38850,3700
yerba mate,2012,2011/2012,Misiones,54,Candelaria,54021,1700,1200,2280,1900
yerba mate,2012,2011/2012,Misiones,54,Capital,54028,7000,6300,24570,3900
yerba mate,2012,2011/2012,Misiones,54,Concepción,54035,9100,8350,32565,3900
yerba mate,2012,2011/2012,Misiones,54,Eldorado,54042,9600,8800,35200,4000
yerba mate,2012,2011/2012,Misiones,54,General Manuel Belgrano,54049,13700,12600,65520,5200
yerba mate,2012,2011/2012,Misiones,54,Guaraní,54056,10800,9600,45120,4700
yerba mate,2012,2011/2012,Misiones,54,Iguazú,54063,4900,4400,18920,4300
yerba mate,2012,2011/2012,Misiones,54,Leandro N. Alem,54070,11300,10200,32640,3200
yerba mate,2012,2011/2012,Misiones,54,Libertador General San Martín,54077,10600,9600,37440,3900
yerba mate,2012,2011/2012,Misiones,54,Montecarlo,54084,7700,7000,27650,3950
yerba mate,2012,2011/2012,Misiones,54,Oberá,54091,26000,23600,80240,3400
yerba mate,2012,2011/2012,Misiones,54,San Ignacio,54098,22000,20000,68000,3400
yerba mate,2012,2011/2012,Misiones,54,San Javier,54105,3100,2800,8680,3100
yerba mate,2012,2011/2012,Misiones,54,San Pedro,54112,5850,5150,23175,4500
yerba mate,2012,2011/2012,Misiones,54,25 de Mayo,54119,5400,4800,18720,3900
yerba mate,2013,2012/2013,Corrientes,18,Ituzaingó,18084,6600,5900,25960,4400
yerba mate,2013,2012/2013,Corrientes,18,Santo Tomé,18168,12600,11500,67850,5900
yerba mate,2013,2012/2013,Misiones,54,Apóstoles,54007,18000,16400,63140,3850
yerba mate,2013,2012/2013,Misiones,54,Cainguás,54014,11500,10500,38850,3700
yerba mate,2013,2012/2013,Misiones,54,Candelaria,54021,1700,1200,2280,1900
yerba mate,2013,2012/2013,Misiones,54,Capital,54028,7000,6300,24570,3900
yerba mate,2013,2012/2013,Misiones,54,Concepción,54035,9100,8350,32565,3900
yerba mate,2013,2012/2013,Misiones,54,Eldorado,54042,9000,8200,32800,4000
yerba mate,2013,2012/2013,Misiones,54,General Manuel Belgrano,54049,12000,11000,57200,5200
yerba mate,2013,2012/2013,Misiones,54,Guaraní,54056,10800,9700,45590,4700
yerba mate,2013,2012/2013,Misiones,54,Iguazú,54063,4500,4000,17200,4300
yerba mate,2013,2012/2013,Misiones,54,Leandro N. Alem,54070,11300,10200,32640,3200
yerba mate,2013,2012/2013,Misiones,54,Libertador General San Martín,54077,10600,9600,37440,3900
yerba mate,2013,2012/2013,Misiones,54,Montecarlo,54084,7000,6300,24885,3950
yerba mate,2013,2012/2013,Misiones,54,Oberá,54091,25000,23000,78200,3400
yerba mate,2013,2012/2013,Misiones,54,San Ignacio,54098,20000,18100,61540,3400
yerba mate,2013,2012/2013,Misiones,54,San Javier,54105,3100,2800,8680,3100
yerba mate,2013,2012/2013,Misiones,54,San Pedro,54112,5850,5150,22660,4400
yerba mate,2013,2012/2013,Misiones,54,25 de Mayo,54119,5400,4800,18720,3900
yerba mate,2014,2013/2014,Corrientes,18,Ituzaingó,18084,7700,6800,31280,4600
yerba mate,2014,2013/2014,Corrientes,18,Santo Tomé,18168,15400,14400,68112,4730
yerba mate,2014,2013/2014,Misiones,54,Apóstoles,54007,17000,16900,77740,4600
yerba mate,2014,2013/2014,Misiones,54,Cainguás,54014,16000,15800,74260,4700
yerba mate,2014,2013/2014,Misiones,54,Candelaria,54021,1500,1480,6364,4300
yerba mate,2014,2013/2014,Misiones,54,Capital,54028,5500,5460,24570,4500
yerba mate,2014,2013/2014,Misiones,54,Concepción,54035,7500,7425,33412,4500
yerba mate,2014,2013/2014,Misiones,54,Eldorado,54042,6500,6435,32175,5000
yerba mate,2014,2013/2014,Misiones,54,General Manuel Belgrano,54049,12000,11900,66640,5600
yerba mate,2014,2013/2014,Misiones,54,Guaraní,54056,8000,7920,40392,5100
yerba mate,2014,2013/2014,Misiones,54,Iguazú,54063,4000,3960,20988,5300
yerba mate,2014,2013/2014,Misiones,54,Leandro N. Alem,54070,11300,11200,48160,4300
yerba mate,2014,2013/2014,Misiones,54,Libertador General San Martín,54077,9500,9405,46555,4950
yerba mate,2014,2013/2014,Misiones,54,Montecarlo,54084,6000,5940,29403,4950
yerba mate,2014,2013/2014,Misiones,54,Oberá,54091,23000,22800,103740,4550
yerba mate,2014,2013/2014,Misiones,54,San Ignacio,54098,18000,17900,82340,4600
yerba mate,2014,2013/2014,Misiones,54,San Javier,54105,3100,3070,12894,4200
yerba mate,2014,2013/2014,Misiones,54,San Pedro,54112,5850,4850,26190,5400
yerba mate,2014,2013/2014,Misiones,54,25 de Mayo,54119,5400,5350,24610,4600
yerba mate,2015,2014/2015,Corrientes,18,Ituzaingó,18084,7125,7045,37339,5300
yerba mate,2015,2014/2015,Corrientes,18,Santo Tomé,18168,14084,13944,71114,5100
yerba mate,2015,2014/2015,Misiones,54,Apóstoles,54007,15974,15874,71433,4500
yerba mate,2015,2014/2015,Misiones,54,Cainguás,54014,15640,15490,72803,4700
yerba mate,2015,2014/2015,Misiones,54,Candelaria,54021,465,461,1890,4100
yerba mate,2015,2014/2015,Misiones,54,Capital,54028,3685,3645,18225,5000
yerba mate,2015,2014/2015,Misiones,54,Concepción,54035,6447,6387,31296,4900
yerba mate,2015,2014/2015,Misiones,54,Eldorado,54042,3905,3875,19763,5100
yerba mate,2015,2014/2015,Misiones,54,General Manuel Belgrano,54049,12952,12852,73256,5700
yerba mate,2015,2014/2015,Misiones,54,Guaraní,54056,9166,9076,44926,4950
yerba mate,2015,2014/2015,Misiones,54,Iguazú,54063,4754,4714,25456,5400
yerba mate,2015,2014/2015,Misiones,54,Leandro N. Alem,54070,5056,5006,21526,4300
yerba mate,2015,2014/2015,Misiones,54,Libertador General San Martín,54077,9504,9409,47986,5100
yerba mate,2015,2014/2015,Misiones,54,Montecarlo,54084,5246,5196,26500,5100
yerba mate,2015,2014/2015,Misiones,54,Oberá,54091,21409,21309,102264,4799
yerba mate,2015,2014/2015,Misiones,54,San Ignacio,54098,15279,15129,69593,4600
yerba mate,2015,2014/2015,Misiones,54,San Javier,54105,2795,2768,11902,4300
yerba mate,2015,2014/2015,Misiones,54,San Pedro,54112,7975,7905,43478,5500
yerba mate,2015,2014/2015,Misiones,54,25 de Mayo,54119,3863,3823,18350,4800
yerba mate,2016,2015/2016,Corrientes,18,Ituzaingó,18084,7125,7045,37691,5350
yerba mate,2016,2015/2016,Corrientes,18,Santo Tomé,18168,14084,13984,73416,5250
yerba mate,2016,2015/2016,Misiones,54,Apóstoles,54007,15974,15874,82545,5200
yerba mate,2016,2015/2016,Misiones,54,Cainguás,54014,15640,15540,71484,4600
yerba mate,2016,2015/2016,Misiones,54,Candelaria,54021,465,461,2167,4701
yerba mate,2016,2015/2016,Misiones,54,Capital,54028,3685,3645,17496,4800
yerba mate,2016,2015/2016,Misiones,54,Concepción,54035,6447,6387,31296,4900
yerba mate,2016,2015/2016,Misiones,54,Eldorado,54042,3905,3875,18600,4800
yerba mate,2016,2015/2016,Misiones,54,General Manuel Belgrano,54049,12952,12852,84823,6600
yerba mate,2016,2015/2016,Misiones,54,Guaraní,54056,9166,9076,42657,4700
yerba mate,2016,2015/2016,Misiones,54,Iguazú,54063,4754,4714,22627,4800
yerba mate,2016,2015/2016,Misiones,54,Leandro N. Alem,54070,5056,5006,23528,4700
yerba mate,2016,2015/2016,Misiones,54,Libertador General San Martín,54077,11300,10200,32640,3200
yerba mate,2016,2015/2016,Misiones,54,Montecarlo,54084,5246,5196,25460,4900
yerba mate,2016,2015/2016,Misiones,54,Oberá,54091,21409,21259,97761,4599
yerba mate,2016,2015/2016,Misiones,54,San Ignacio,54098,15279,15179,66788,4400
yerba mate,2016,2015/2016,Misiones,54,San Javier,54105,2795,2768,11349,4100
yerba mate,2016,2015/2016,Misiones,54,San Pedro,54112,7975,7905,46640,5900
yerba mate,2016,2015/2016,Misiones,54,25 de Mayo,54119,3863,3823,17968,4700
yerba mate,2017,2016/2017,Corrientes,18,Ituzaingó,18084,7390,7390,32147,4350
yerba mate,2017,2016/2017,Corrientes,18,Santo Tomé,18168,14400,14400,66240,4600
yerba mate,2017,2016/2017,Misiones,54,Apóstoles,54007,16010,16010,62439,3900
yerba mate,2017,2016/2017,Misiones,54,Cainguás,54014,16100,16100,64400,4000
yerba mate,2017,2016/2017,Misiones,54,Candelaria,54021,541,541,2110,3900
yerba mate,2017,2016/2017,Misiones,54,Capital,54028,3700,3700,14060,3800
yerba mate,2017,2016/2017,Misiones,54,Concepción,54035,6500,6500,26000,4000
yerba mate,2017,2016/2017,Misiones,54,Eldorado,54042,4100,4100,17220,4200
yerba mate,2017,2016/2017,Misiones,54,General Manuel Belgrano,54049,13100,13100,61570,4700
yerba mate,2017,2016/2017,Misiones,54,Guaraní,54056,9400,9400,37600,4000
yerba mate,2017,2016/2017,Misiones,54,Iguazú,54063,4800,4800,20640,4300
yerba mate,2017,2016/2017,Misiones,54,Leandro N. Alem,54070,5300,5300,21200,4000
yerba mate,2017,2016/2017,Misiones,54,Libertador General San Martín,54077,9800,9800,41160,4200
yerba mate,2017,2016/2017,Misiones,54,Montecarlo,54084,5400,5400,22680,4200
yerba mate,2017,2016/2017,Misiones,54,Oberá,54091,22100,22100,81754,3699
yerba mate,2017,2016/2017,Misiones,54,San Ignacio,54098,15450,15450,58710,3800
yerba mate,2017,2016/2017,Misiones,54,San Javier,54105,2900,2900,10150,3500
yerba mate,2017,2016/2017,Misiones,54,San Pedro,54112,8200,8200,33620,4100
yerba mate,2017,2016/2017,Misiones,54,25 de Mayo,54119,4100,4100,16400,4000
yerba mate,2018,2017/2018,Corrientes,18,Ituzaingó,18084,7250,7250,34075,4700
yerba mate,2018,2017/2018,Corrientes,18,Santo Tomé,18168,14570,14570,71393,4900
yerba mate,2018,2017/2018,Misiones,54,Apóstoles,54007,16016,16016,76876,4800
yerba mate,2018,2017/2018,Misiones,54,Cainguás,54014,16203,16203,76155,4700
yerba mate,2018,2017/2018,Misiones,54,Candelaria,54021,558,558,2511,4500
yerba mate,2018,2017/2018,Misiones,54,Capital,54028,3688,3688,17703,4800
yerba mate,2018,2017/2018,Misiones,54,Concepción,54035,6562,6562,31497,4800
yerba mate,2018,2017/2018,Misiones,54,Eldorado,54042,4141,4141,19879,4801
yerba mate,2018,2017/2018,Misiones,54,General Manuel Belgrano,54049,13382,13382,74940,5600
yerba mate,2018,2017/2018,Misiones,54,Guaraní,54056,9555,9555,44907,4700
yerba mate,2018,2017/2018,Misiones,54,Iguazú,54063,4921,4921,23619,4800
yerba mate,2018,2017/2018,Misiones,54,Leandro N. Alem,54070,5376,5376,23653,4400
yerba mate,2018,2017/2018,Misiones,54,Libertador General San Martín,54077,9622,9622,46184,4800
yerba mate,2018,2017/2018,Misiones,54,Montecarlo,54084,5481,5481,26855,4900
yerba mate,2018,2017/2018,Misiones,54,Oberá,54091,22120,22120,97327,4400
yerba mate,2018,2017/2018,Misiones,54,San Ignacio,54098,15613,15613,67135,4300
yerba mate,2018,2017/2018,Misiones,54,San Javier,54105,2823,2823,11573,4100
yerba mate,2018,2017/2018,Misiones,54,San Pedro,54112,8787,8787,43054,4900
yerba mate,2018,2017/2018,Misiones,54,25 de Mayo,54119,4117,4117,19966,4850
yerba mate,2019,2018/2019,Corrientes,18,Ituzaingó,18084,7333,7333,35565,4850
yerba mate,2019,2018/2019,Corrientes,18,Santo Tomé,18168,14725,14725,72889,4950
yerba mate,2019,2018/2019,Misiones,54,Apóstoles,54007,16150,16150,77520,4800
yerba mate,2019,2018/2019,Misiones,54,Cainguás,54014,16293,16293,78206,4800
yerba mate,2019,2018/2019,Misiones,54,Candelaria,54021,571,571,2570,4501
yerba mate,2019,2018/2019,Misiones,54,Capital,54028,3689,3689,17892,4850
yerba mate,2019,2018/2019,Misiones,54,Concepción,54035,6701,6701,32835,4900
yerba mate,2019,2018/2019,Misiones,54,Eldorado,54042,4151,4151,20547,4950
yerba mate,2019,2018/2019,Misiones,54,General Manuel Belgrano,54049,13473,13473,75449,5600
yerba mate,2019,2018/2019,Misiones,54,Guaraní,54056,9789,9789,48749,4980
yerba mate,2019,2018/2019,Misiones,54,Iguazú,54063,4970,4970,24602,4950
yerba mate,2019,2018/2019,Misiones,54,Leandro N. Alem,54070,5403,5403,24314,4500
yerba mate,2019,2018/2019,Misiones,54,Libertador General San Martín,54077,9714,9714,47599,4900
yerba mate,2019,2018/2019,Misiones,54,Montecarlo,54084,5545,5545,27614,4980
yerba mate,2019,2018/2019,Misiones,54,Oberá,54091,22188,22188,99846,4500
yerba mate,2019,2018/2019,Misiones,54,San Ignacio,54098,15709,15709,71476,4550
yerba mate,2019,2018/2019,Misiones,54,San Javier,54105,2870,2870,12915,4500
yerba mate,2019,2018/2019,Misiones,54,San Pedro,54112,9236,9236,46180,5000
yerba mate,2019,2018/2019,Misiones,54,25 de Mayo,54119,4140,4140,20286,4900
yerba mate,2020,2019/2020,Corrientes,18,Ituzaingó,18084,7986,7986,36736,4600
yerba mate,2020,2019/2020,Corrientes,18,Santo Tomé,18168,15099,15099,70965,4700
yerba mate,2020,2019/2020,Misiones,54,Apóstoles,54007,16203,16203,72914,4500
yerba mate,2020,2019/2020,Misiones,54,Cainguás,54014,16457,16457,74879,4550
yerba mate,2020,2019/2020,Misiones,54,Candelaria,54021,610,610,2684,4400
yerba mate,2020,2019/2020,Misiones,54,Capital,54028,3940,3940,17730,4500
yerba mate,2020,2019/2020,Misiones,54,Concepción,54035,6826,6826,31741,4650
yerba mate,2020,2019/2020,Misiones,54,Eldorado,54042,4329,4329,20130,4650
yerba mate,2020,2019/2020,Misiones,54,General Manuel Belgrano,54049,14062,14062,66795,4750
yerba mate,2020,2019/2020,Misiones,54,Guaraní,54056,10172,10172,48826,4800
yerba mate,2020,2019/2020,Misiones,54,Iguazú,54063,5204,5204,24979,4800
yerba mate,2020,2019/2020,Misiones,54,Leandro N. Alem,54070,5489,5489,24152,4400
yerba mate,2020,2019/2020,Misiones,54,Libertador General San Martín,54077,9902,9902,45549,4600
yerba mate,2020,2019/2020,Misiones,54,Montecarlo,54084,5962,5962,27425,4600
yerba mate,2020,2019/2020,Misiones,54,Oberá,54091,22358,22358,98375,4400
yerba mate,2020,2019/2020,Misiones,54,San Ignacio,54098,16046,16046,70602,4400
yerba mate,2020,2019/2020,Misiones,54,San Javier,54105,2905,2905,12782,4400
yerba mate,2020,2019/2020,Misiones,54,San Pedro,54112,9684,9684,45999,4750
yerba mate,2020,2019/2020,Misiones,54,25 de Mayo,54119,4296,4296,20191,4700
yerba mate,2021,2020/2021,Corrientes,18,Ituzaingó,18084,9728,8384,38569,4600
yerba mate,2021,2020/2021,Corrientes,18,Santo Tomé,18168,17796,15373,72255,4700
yerba mate,2021,2020/2021,Misiones,54,Apóstoles,54007,17940,16215,69723,4300
yerba mate,2021,2020/2021,Misiones,54,Cainguás,54014,19973,18651,80199,4300
yerba mate,2021,2020/2021,Misiones,54,Candelaria,54021,830,707,3042,4303
yerba mate,2021,2020/2021,Misiones,54,Capital,54028,4120,3950,16987,4301
yerba mate,2021,2020/2021,Misiones,54,Concepción,54035,7860,7189,32349,4500
yerba mate,2021,2020/2021,Misiones,54,Eldorado,54042,5165,4567,20095,4400
yerba mate,2021,2020/2021,Misiones,54,General Manuel Belgrano,54049,17447,15538,80798,5200
yerba mate,2021,2020/2021,Misiones,54,Guaraní,54056,13548,11996,62378,5200
yerba mate,2021,2020/2021,Misiones,54,Iguazú,54063,6732,5799,26673,4600
yerba mate,2021,2020/2021,Misiones,54,Leandro N. Alem,54070,5992,5744,25272,4400
yerba mate,2021,2020/2021,Misiones,54,Libertador General San Martín,54077,11522,10608,46674,4400
yerba mate,2021,2020/2021,Misiones,54,Montecarlo,54084,7175,6261,28801,4600
yerba mate,2021,2020/2021,Misiones,54,Oberá,54091,24613,23562,103675,4400
yerba mate,2021,2020/2021,Misiones,54,San Ignacio,54098,17708,16927,72787,4300
yerba mate,2021,2020/2021,Misiones,54,San Javier,54105,3461,3162,13440,4250
yerba mate,2021,2020/2021,Misiones,54,San Pedro,54112,14363,12046,62641,5200
yerba mate,2021,2020/2021,Misiones,54,25 de Mayo,54119,5890,5243,25689,4900
yerba mate,2022,2021/2022,Corrientes,18,Ituzaingó,18084,9823,8354,35923,4300
yerba mate,2022,2021/2022,Corrientes,18,Santo Tomé,18168,17866,15084,66371,4400
yerba mate,2022,2021/2022,Misiones,54,Apóstoles,54007,18198,15862,63449,4000
yerba mate,2022,2021/2022,Misiones,54,Cainguás,54014,20795,18629,74517,4000
yerba mate,2022,2021/2022,Misiones,54,Candelaria,54021,914,715,2862,4003
yerba mate,2022,2021/2022,Misiones,54,Capital,54028,4197,3818,15462,4050
yerba mate,2022,2021/2022,Misiones,54,Concepción,54035,7942,7087,29766,4200
yerba mate,2022,2021/2022,Misiones,54,Eldorado,54042,5416,4495,18431,4100
yerba mate,2022,2021/2022,Misiones,54,General Manuel Belgrano,54049,18435,15679,75261,4800
yerba mate,2022,2021/2022,Misiones,54,Guaraní,54056,15436,13015,62472,4800
yerba mate,2022,2021/2022,Misiones,54,Iguazú,54063,6998,5875,25261,4300
yerba mate,2022,2021/2022,Misiones,54,Leandro N. Alem,54070,6154,5641,23691,4200
yerba mate,2022,2021/2022,Misiones,54,Libertador General San Martín,54077,12027,10609,44558,4200
yerba mate,2022,2021/2022,Misiones,54,Montecarlo,54084,7515,6459,27776,4300
yerba mate,2022,2021/2022,Misiones,54,Oberá,54091,25255,23327,95642,4100
yerba mate,2022,2021/2022,Misiones,54,San Ignacio,54098,18891,17119,69330,4050
yerba mate,2022,2021/2022,Misiones,54,San Javier,54105,3629,3162,12648,4000
yerba mate,2022,2021/2022,Misiones,54,San Pedro,54112,16227,12873,61788,4800
yerba mate,2022,2021/2022,Misiones,54,25 de Mayo,54119,6167,5237,24091,4600
yerba mate,2023,2022/2023,Corrientes,18,Ituzaingó,18084,9809,8029,32920,4100
yerba mate,2023,2022/2023,Corrientes,18,Santo Tomé,18168,17557,14414,60537,4200
yerba mate,2023,2022/2023,Misiones,54,Apóstoles,54007,18190,15418,60130,3900
yerba mate,2023,2022/2023,Misiones,54,Cainguás,54014,21159,18137,70736,3900
yerba mate,2023,2022/2023,Misiones,54,Candelaria,54021,919,708,2692,3802
yerba mate,2023,2022/2023,Misiones,54,Capital,54028,4309,3675,13780,3750
yerba mate,2023,2022/2023,Misiones,54,Concepción,54035,7963,6755,26684,3950
yerba mate,2023,2022/2023,Misiones,54,Eldorado,54042,5418,4344,17375,4000
yerba mate,2023,2022/2023,Misiones,54,General Manuel Belgrano,54049,18862,15589,71709,4600
yerba mate,2023,2022/2023,Misiones,54,Guaraní,54056,15622,12812,58936,4600
yerba mate,2023,2022/2023,Misiones,54,Iguazú,54063,7023,5760,24191,4200
yerba mate,2023,2022/2023,Misiones,54,Leandro N. Alem,54070,6156,5361,21446,4000
yerba mate,2023,2022/2023,Misiones,54,Libertador General San Martín,54077,12045,10313,41250,4000
yerba mate,2023,2022/2023,Misiones,54,Montecarlo,54084,7520,6376,26780,4200
yerba mate,2023,2022/2023,Misiones,54,Oberá,54091,25323,22152,88609,4000
yerba mate,2023,2022/2023,Misiones,54,San Ignacio,54098,18910,16318,63641,3900
yerba mate,2023,2022/2023,Misiones,54,San Javier,54105,3628,3013,11752,3900
yerba mate,2023,2022/2023,Misiones,54,San Pedro,54112,16353,12902,59350,4600
yerba mate,2023,2022/2023,Misiones,54,25 de Mayo,54119,6202,5117,22514,4400
yerba mate,2024,2023/2024,Corrientes,18,Ituzaingó,18084,9829,8771,42102,4800
yerba mate,2024,2023/2024,Corrientes,18,Santo Tomé,18168,17576,15746,77154,4900
yerba mate,2024,2023/2024,Misiones,54,Apóstoles,54007,18197,16843,76635,4550
yerba mate,2024,2023/2024,Misiones,54,Cainguás,54014,21264,19814,89161,4500
yerba mate,2024,2023/2024,Misiones,54,Candelaria,54021,920,774,3482,4499
yerba mate,2024,2023/2024,Misiones,54,Capital,54028,4307,4014,18064,4500
yerba mate,2024,2023/2024,Misiones,54,Concepción,54035,7964,7380,34685,4700
yerba mate,2024,2023/2024,Misiones,54,Eldorado,54042,5422,4745,21353,4500
yerba mate,2024,2023/2024,Misiones,54,General Manuel Belgrano,54049,18903,17030,90257,5300
yerba mate,2024,2023/2024,Misiones,54,Guaraní,54056,15839,13996,74180,5300
yerba mate,2024,2023/2024,Misiones,54,Iguazú,54063,7056,6292,29573,4700
yerba mate,2024,2023/2024,Misiones,54,Leandro N. Alem,54070,6163,5857,27527,4700
yerba mate,2024,2023/2024,Misiones,54,Libertador General San Martín,54077,12062,11266,52949,4700
yerba mate,2024,2023/2024,Misiones,54,Montecarlo,54084,7555,6965,32737,4700
yerba mate,2024,2023/2024,Misiones,54,Oberá,54091,25327,24199,113738,4700
yerba mate,2024,2023/2024,Misiones,54,San Ignacio,54098,18933,17826,83784,4700
yerba mate,2024,2023/2024,Misiones,54,San Javier,54105,3635,3292,15471,4700
yerba mate,2024,2023/2024,Misiones,54,San Pedro,54112,16355,14095,74702,5300
yerba mate,2024,2023/2024,Misiones,54,25 de Mayo,54119,6228,5590,29626,5300
